0x4fc,,
0x4fd,"Couteau de survie: Pour le
combat rapproché. Appuyez
sur la touche  pour balafrer,
appuyez fermement pour
poignarder. Appuyez de façon
répétée pour faire une attaque
combo.
","Couteau de survie: Pour le
combat rapproché. Appuyez
sur la touche  pour balafrer,
appuyez fermement pour
poignarder. Appuyez de façon
répétée pour faire une attaque
combo.
"
0x5b3,"Fourchette: Appuyez sur la
touche  pour balafrer, appuyez
fermement pour poignarder.
Les animaux et les plantes
capturées de cette façon
peuvent être mangés
immédiatement.
","Fourchette: Appuyez sur la
touche  pour balafrer, appuyez
fermement pour poignarder.
Les animaux et les plantes
capturées de cette façon
peuvent être mangés
immédiatement.
"
0x668,"Vaporisateur en forme de
cigare: Pistolet vaporisateur
ressemblant à une cigarette.
Permet d'endormir les
ennemis. Appuyez sur la
touche  pour le tenir,
relâchez pour vaporiser le gaz.
","Vaporisateur en forme de
cigare: Pistolet vaporisateur
ressemblant à une cigarette.
Permet d'endormir les
ennemis. Appuyez sur la
touche  pour le tenir,
relâchez pour vaporiser le gaz.
"
0x727,"Mouchoir soporifique:
Mouchoir imbibé de somnifère.
Pour endormir les ennemis en
CQC. Libérer le somnifère à
l'aide de la touche Arme.
","Mouchoir soporifique:
Mouchoir imbibé de somnifère.
Pour endormir les ennemis en
CQC. Libérer le somnifère à
l'aide de la touche Arme.
"
0x7b4,"Mk22: Pistolet tranquillisant.
Appuyez sur la touche  pour
viser, relâchez pour tirer.
Fixez/Enlevez le silencieux
a l'aide de la touche .
","Mk22: Pistolet tranquillisant.
Appuyez sur la touche  pour
viser, relâchez pour tirer.
Fixez/Enlevez le silencieux
a l'aide de la touche .
"
0x847,"M1911A1: .45 automatique.
Appuyez sur la touche  pour
viser, relâchez pour tirer.
Fixez/Enlevez le silencieux
a l'aide de la touche .
","M1911A1: .45 automatique.
Appuyez sur la touche  pour
viser, relâchez pour tirer.
Fixez/Enlevez le silencieux
a l'aide de la touche .
"
0x8d5,"EZ GUN: Pistolet tranquillisant
avec silencieux et visée laser
intégrée. Indice de camouflage
& endurance diminuent de
façon moins importante.
","EZ GUN: Pistolet tranquillisant
avec silencieux et visée laser
intégrée. Indice de camouflage
& endurance diminuent de
façon moins importante.
"
0x969,"Single Action Army: Revolver de
calibre .45.Appuyez sur la touche
 pour le lever, relâchez pour
tirer. Visez à l'aide de la touche
, jouez à l'aide du joystick
analogique droit en Obs. à la
1ère pers.
","Single Action Army: Revolver de
calibre .45.Appuyez sur la touche
 pour le lever, relâchez pour
tirer. Visez à l'aide de la touche
, jouez à l'aide du joystick
analogique droit en Obs. à la
1ère pers.
"
0xa3e,"Patriot: Le pistolet d'assaut de
The Boss. Appuyez
légèrement sur la touche 
pour le tenir, fermement pour
tirer. Mécanisme
d'alimentation dans le
chargeur est en forme de ∞.
","Patriot: Le pistolet d'assaut de
The Boss. Appuyez
légèrement sur la touche 
pour le tenir, fermement pour
tirer. Mécanisme
d'alimentation dans le
chargeur est en forme de ∞.
"
0xaf6,"Scorpion: Mitrailleuse de calibre
.32. Appuyez légèrement sur la
touche  pour la tenir, fermement
pour tirer. Basculez du mode
semi-automatique au mode
automatique à l'aide de
la touche  dans la fenêtre.
","Scorpion: Mitrailleuse de calibre
.32. Appuyez légèrement sur la
touche  pour la tenir, fermement
pour tirer. Basculez du mode
semi-automatique au mode
automatique à l'aide de
la touche  dans la fenêtre.
"
0xbcd,"XM16E1: Tenir en Obs. à la
1ère pers. & viser à l'épaule
avec la touche .
Basculer en mode de
tir avec la touche , fixez/
enlevez le silencieux à l'aide
de la touche  dans la fenêtre.
","XM16E1: Tenir en Obs. à la
1ère pers. & viser à l'épaule
avec la touche .
Basculer en mode de
tir avec la touche , fixez/
enlevez le silencieux à l'aide
de la touche  dans la fenêtre.
"
0xc95,"AK-47: Fusil d'assaut soviétique.
Tenir en Obs. à la 1ère personne
& viser à l'épaule avec la touche
. Basculez du mode
semi-automatique au mode
automatique à l'aide de la touche
 dans la fenêtre.
","AK-47: Fusil d'assaut soviétique.
Tenir en Obs. à la 1ère personne
& viser à l'épaule avec la touche
. Basculez du mode
semi-automatique au mode
automatique à l'aide de la touche
 dans la fenêtre.
"
0xd68,"M63:
Mitraillette légère américaine.
Appuyez légèrement sur la
touche  pour la tenir,
fermement pour tirer.
","M63:
Mitraillette légère américaine.
Appuyez légèrement sur la
touche  pour la tenir,
fermement pour tirer.
"
0xddd,"M37: Fusil à pompe de calibre
12. Appuyez sur la touche 
pour le tenir, relâchez pour
tirer. Permet de pulvériser
les ennemis.
","M37: Fusil à pompe de calibre
12. Appuyez sur la touche 
pour le tenir, relâchez pour
tirer. Permet de pulvériser
les ennemis.
"
0xe63,"SVD: Fusil sniper Dragunov.
Utilisez la visée avec la touche
. Appuyez sur la touche 
pour le tenir, relâchez pour
tirer. Ajustez la visée avec
la touche .
","SVD: Fusil sniper Dragunov.
Utilisez la visée avec la touche
. Appuyez sur la touche 
pour le tenir, relâchez pour
tirer. Ajustez la visée avec
la touche .
"
0xf0c,"Mosin-Nagant:
Fusil sniper tranquillisant.
Utilisez la visée avec la touche
. Appuyez sur la touche
 pour le tenir, relâchez pour
tirer. Ajustez la visée avec
la touche .
","Mosin-Nagant:
Fusil sniper tranquillisant.
Utilisez la visée avec la touche
. Appuyez sur la touche
 pour le tenir, relâchez pour
tirer. Ajustez la visée avec
la touche .
"
0xfc4,"RPG-7: Lance-roquettes
portable. Utilisez la visée avec
touche . Appuyez sur la
touche  pour le tenir,
relâchez pour tirer. Ne peut
être équipé en position couchée.
","RPG-7: Lance-roquettes
portable. Utilisez la visée avec
touche . Appuyez sur la
touche  pour le tenir,
relâchez pour tirer. Ne peut
être équipé en position couchée.
"
0x1076,"Torche: Brandir avec la touche
, appuyez plusieurs fois pour
la faire tourner. Allumer ou
éteindre de la touche .
","Torche: Brandir avec la touche
, appuyez plusieurs fois pour
la faire tourner. Allumer ou
éteindre de la touche .
"
0x10f0,"Grenade:
Appuyez sur la touche  pour
tenir, relâchez pour lâcher.
La force de pression de
la touche  détermine la
distance de tir.
","Grenade:
Appuyez sur la touche  pour
tenir, relâchez pour lâcher.
La force de pression de
la touche  détermine la
distance de tir.
"
0x117d,"Grenade au phosphore blanc:
Embrasez vos ennemis.
Appuyez sur la touche  pour
tenir, relâchez pour lancer. La
force de pression de la touche 
détermine la distance de tir.
","Grenade au phosphore blanc:
Embrasez vos ennemis.
Appuyez sur la touche  pour
tenir, relâchez pour lancer. La
force de pression de la touche 
détermine la distance de tir.
"
0x1232,"Grenade paralysante: Permet
de paralyser temporairement
les ennemis. Appuyez sur la
touche  pour viser, relâchez
pour lancer. La force de
pression de la touche 
détermine la distance de tir.
","Grenade paralysante: Permet
de paralyser temporairement
les ennemis. Appuyez sur la
touche  pour viser, relâchez
pour lancer. La force de
pression de la touche 
détermine la distance de tir.
"
0x12fa,"Grenade à particules
métalliques: Permet de
brouiller les ondes radio.
Appuyez sur la touche  pour
viser, relâchez pour lancer. La
force de pression de la touche 
détermine la distance de tir.
","Grenade à particules
métalliques: Permet de
brouiller les ondes radio.
Appuyez sur la touche  pour
viser, relâchez pour lancer. La
force de pression de la touche 
détermine la distance de tir.
"
0x13c6,"Grenade fumigène:
Permet d'aveugler les ennemis
avec un écran de fumée. Appuyez
sur la touche  pour viser,
relâchez pour lancer. La force
de pression de la touche 
détermine la distance de tir.
","Grenade fumigène:
Permet d'aveugler les ennemis
avec un écran de fumée. Appuyez
sur la touche  pour viser,
relâchez pour lancer. La force
de pression de la touche 
détermine la distance de tir.
"
0x1494,"Chargeur:
Chargeur vide.
Appuyez sur la touche  pour
tenir, relâchez pour lancer.
La force de pression de la touche
 détermine la distance de tir.
","Chargeur:
Chargeur vide.
Appuyez sur la touche  pour
tenir, relâchez pour lancer.
La force de pression de la touche
 détermine la distance de tir.
"
0x1530,"TNT:Explosif avec
détonateur télécommandé.
Appuyez sur la touche  pour
poser la charge. Appuyez sur la
touche  (en étant équipé du
TNT) pour la faire exploser.
","TNT:Explosif avec
détonateur télécommandé.
Appuyez sur la touche  pour
poser la charge. Appuyez sur la
touche  (en étant équipé du
TNT) pour la faire exploser.
"
0x15de,"C3: Explosif plastique.
Appuyez sur la touche  pour
poser la charge près des cuves
à carburant liquide. Ne peut être
posé que sur les cuves
à carburant liquide.
","C3: Explosif plastique.
Appuyez sur la touche  pour
poser la charge près des cuves
à carburant liquide. Ne peut être
posé que sur les cuves
à carburant liquide.
"
0x1688,"Claymore: Mine anti-personnel
avec capteur avant. Appuyez
sur la touche  pour la poser.
Peut être récupérée
en rampant par-dessus.
","Claymore: Mine anti-personnel
avec capteur avant. Appuyez
sur la touche  pour la poser.
Peut être récupérée
en rampant par-dessus.
"
0x1713,"Magazine: Publication destinée
à un public adulte. Rempli de
photos suggestives et
d'articles de fond. Appuyez
sur la touche  pour le poser.
","Magazine: Publication destinée
à un public adulte. Rempli de
photos suggestives et
d'articles de fond. Appuyez
sur la touche  pour le poser.
"
0x17a6,"Piège à souris: Piège conçu
pour capturer de petits
animaux. Appuyez sur la touche
 pour le poser. Peut être
récupéré en rampant
par-dessus.
","Piège à souris: Piège conçu
pour capturer de petits
animaux. Appuyez sur la touche
 pour le poser. Peut être
récupéré en rampant
par-dessus.
"
0x183f,"Micro directionnel: Micro
pouvant capter des sons très
faibles. Une fois équipé, il
capte les sons dans la
direction dans laquelle vous le
pointez.
","Micro directionnel: Micro
pouvant capter des sons très
faibles. Une fois équipé, il
capte les sons dans la
direction dans laquelle vous le
pointez.
"
0x18d7,"Viande de cobra royal:
Appuyez sur la touche  pour
tenir, relâchez pour jeter.
La force de pression de
la touche  détermine
la distance de tir.
","Viande de cobra royal:
Appuyez sur la touche  pour
tenir, relâchez pour jeter.
La force de pression de
la touche  détermine
la distance de tir.
"
0x1970,"Viande de cobra de Taiwan:
Appuyez sur la touche  pour
tenir, relâchez pour jeter.
La force de pression de la
touche  détermine la distance
de tir.
","Viande de cobra de Taiwan:
Appuyez sur la touche  pour
tenir, relâchez pour jeter.
La force de pression de la
touche  détermine la distance
de tir.
"
0x1a0d,"Viande de cobra à monocle:
Appuyez sur la touche  pour
tenir, relâchez pour jeter.
La force de pression de la
touche  détermine la distance
de tir.
","Viande de cobra à monocle:
Appuyez sur la touche  pour
tenir, relâchez pour jeter.
La force de pression de la
touche  détermine la distance
de tir.
"
0x1aab,"Viande de serpent corail:
Appuyez sur la touche  pour
tenir, relâchez pour jeter.
La force de pression de la
touche  détermine la distance
de tir.
","Viande de serpent corail:
Appuyez sur la touche  pour
tenir, relâchez pour jeter.
La force de pression de la
touche  détermine la distance
de tir.
"
0x1b47,"Viande de serpent de lait:
Appuyez sur la touche  pour
tenir, relâchez pour jeter.
La force de pression de la
touche  détermine la distance
de tir.
","Viande de serpent de lait:
Appuyez sur la touche  pour
tenir, relâchez pour jeter.
La force de pression de la
touche  détermine la distance
de tir.
"
0x1be4,"Viande de python vert:
Appuyez sur la touche  pour
tenir, relâchez pour jeter.
La force de pression de la
touche  détermine la distance
de tir.
","Viande de python vert:
Appuyez sur la touche  pour
tenir, relâchez pour jeter.
La force de pression de la
touche  détermine la distance
de tir.
"
0x1c7d,"Viande d'anaconda géant:
Appuyez sur la touche  pour
tenir, relâchez pour jeter.
La force de pression de la
touche  détermine la distance
de tir.
","Viande d'anaconda géant:
Appuyez sur la touche  pour
tenir, relâchez pour jeter.
La force de pression de la
touche  détermine la distance
de tir.
"
0x1d19,"Viande de python réticulé:
Appuyez sur la touche  pour
tenir, relâchez pour jeter.
La force de pression de la
touche  détermine la distance
de tir.
","Viande de python réticulé:
Appuyez sur la touche  pour
tenir, relâchez pour jeter.
La force de pression de la
touche  détermine la distance
de tir.
"
0x1db8,"Viande de Liquid:
Appuyez sur la touche  pour
tenir, relâchez pour jeter.
La force de pression de la
touche  détermine la distance
de tir.
","Viande de Liquid:
Appuyez sur la touche  pour
tenir, relâchez pour jeter.
La force de pression de la
touche  détermine la distance
de tir.
"
0x1e4c,"Viande de Solid:
Appuyez sur la touche  pour
tenir, relâchez pour jeter.
La force de pression de la
touche  détermine la distance
de tir.
","Viande de Solid:
Appuyez sur la touche  pour
tenir, relâchez pour jeter.
La force de pression de la
touche  détermine la distance
de tir.
"
0x1edf,"Viande de Solidus:
Appuyez sur la touche  pour
tenir, relâchez pour jeter.
La force de pression de la
touche  détermine la distance
de tir.
","Viande de Solidus:
Appuyez sur la touche  pour
tenir, relâchez pour jeter.
La force de pression de la
touche  détermine la distance
de tir.
"
0x1f74,"Viande de gavial:
Appuyez sur la touche  pour
tenir, relâchez pour jeter.
La force de pression de la
touche  détermine la distance
de tir.
","Viande de gavial:
Appuyez sur la touche  pour
tenir, relâchez pour jeter.
La force de pression de la
touche  détermine la distance
de tir.
"
0x2008,"Viande de grenouille Otton:
Appuyez sur la touche  pour
tenir, relâchez pour jeter.
La force de pression de la
touche  détermine la distance
de tir.
","Viande de grenouille Otton:
Appuyez sur la touche  pour
tenir, relâchez pour jeter.
La force de pression de la
touche  détermine la distance
de tir.
"
0x20a6,"Viande de grenouille arboricole:
Appuyez sur la touche  pour
tenir, relâchez pour jeter.
La force de pression de la
touche  détermine la distance
de tir.
","Viande de grenouille arboricole:
Appuyez sur la touche  pour
tenir, relâchez pour jeter.
La force de pression de la
touche  détermine la distance
de tir.
"
0x2149,"Viande - grenouille dendrobate:
Appuyez sur la touche  pour
tenir, relâchez pour jeter.
La force de pression de la
touche  détermine la distance
de tir.
","Viande - grenouille dendrobate:
Appuyez sur la touche  pour
tenir, relâchez pour jeter.
La force de pression de la
touche  détermine la distance
de tir.
"
0x21eb,"Viande de rat:
Appuyez sur la touche  pour
tenir, relâchez pour jeter.
La force de pression de la
touche  détermine la distance
de tir.
","Viande de rat:
Appuyez sur la touche  pour
tenir, relâchez pour jeter.
La force de pression de la
touche  détermine la distance
de tir.
"
0x227c,"Viande de lapin de garenne:
Appuyez sur la touche  pour
tenir, relâchez pour jeter.
La force de pression de la
touche  détermine la distance
de tir.
","Viande de lapin de garenne:
Appuyez sur la touche  pour
tenir, relâchez pour jeter.
La force de pression de la
touche  détermine la distance
de tir.
"
0x231a,"Viande d'écureuil volant:
Appuyez sur la touche  pour
tenir, relâchez pour jeter.
La force de pression de la
touche  détermine la distance
de tir.
","Viande d'écureuil volant:
Appuyez sur la touche  pour
tenir, relâchez pour jeter.
La force de pression de la
touche  détermine la distance
de tir.
"
0x23b7,"Viande de Markhor:
Appuyez sur la touche  pour
tenir, relâchez pour jeter.
La force de pression de la
touche  détermine la distance
de tir.
","Viande de Markhor:
Appuyez sur la touche  pour
tenir, relâchez pour jeter.
La force de pression de la
touche  détermine la distance
de tir.
"
0x244c,"Viande de chauve-souris vampire:
Appuyez sur la touche  pour
tenir, relâchez pour jeter. La
force de pression de la touche 
détermine la distance de tir.
","Viande de chauve-souris vampire:
Appuyez sur la touche  pour
tenir, relâchez pour jeter. La
force de pression de la touche 
détermine la distance de tir.
"
0x24ef,"Nid de frelons: Nid rempli de
miel. Appuyez sur la touche 
pour tenir, relâchez pour
lancer. La force de pression
de la touche  détermine la
distance de tir.
","Nid de frelons: Nid rempli de
miel. Appuyez sur la touche 
pour tenir, relâchez pour
lancer. La force de pression
de la touche  détermine la
distance de tir.
"
0x2596,"Viande de perroquet:
Appuyez sur la touche  pour
tenir, relâchez pour jeter.
La force de pression de la
touche  détermine la distance
de tir.
","Viande de perroquet:
Appuyez sur la touche  pour
tenir, relâchez pour jeter.
La force de pression de la
touche  détermine la distance
de tir.
"
0x262d,"Viande de vautour à dos blanc:
Appuyez sur la touche  pour
tenir, relâchez pour jeter.
La force de pression de la
touche  détermine la distance
de tir.
","Viande de vautour à dos blanc:
Appuyez sur la touche  pour
tenir, relâchez pour jeter.
La force de pression de la
touche  détermine la distance
de tir.
"
0x26cf,"Viande de bengali rouge:
Appuyez sur la touche  pour
tenir, relâchez pour jeter.
La force de pression de la
touche  détermine la distance
de tir.
","Viande de bengali rouge:
Appuyez sur la touche  pour
tenir, relâchez pour jeter.
La force de pression de la
touche  détermine la distance
de tir.
"
0x276a,"Viande de pie:
Appuyez sur la touche  pour
tenir, relâchez pour jeter.
La force de pression de la
touche  détermine la distance
de tir.
","Viande de pie:
Appuyez sur la touche  pour
tenir, relâchez pour jeter.
La force de pression de la
touche  détermine la distance
de tir.
"
0x27fb,"Viande d'arrenga bleuet:
Appuyez sur la touche  pour
tenir, relâchez pour jeter.
La force de pression de la
touche  détermine la distance
de tir.
","Viande d'arrenga bleuet:
Appuyez sur la touche  pour
tenir, relâchez pour jeter.
La force de pression de la
touche  détermine la distance
de tir.
"
0x2896,"Viande de carangue vorace:
Appuyez sur la touche  pour
tenir, relâchez pour jeter.
La force de pression de la
touche  détermine la distance
de tir.
","Viande de carangue vorace:
Appuyez sur la touche  pour
tenir, relâchez pour jeter.
La force de pression de la
touche  détermine la distance
de tir.
"
0x2933,"Viande de requin barbu:
Appuyez sur la touche  pour
tenir, relâchez pour jeter.
La force de pression de la
touche  détermine la distance
de tir.
","Viande de requin barbu:
Appuyez sur la touche  pour
tenir, relâchez pour jeter.
La force de pression de la
touche  détermine la distance
de tir.
"
0x29cd,"Viande d'arowana:
Appuyez sur la touche  pour
tenir, relâchez pour jeter.
La force de pression de la
touche  détermine la distance
de tir.
","Viande d'arowana:
Appuyez sur la touche  pour
tenir, relâchez pour jeter.
La force de pression de la
touche  détermine la distance
de tir.
"
0x2a61,"Viande de crabe de mangrove:
Appuyez sur la touche  pour
tenir, relâchez pour jeter.
La force de pression de la
touche  détermine la distance
de tir.
","Viande de crabe de mangrove:
Appuyez sur la touche  pour
tenir, relâchez pour jeter.
La force de pression de la
touche  détermine la distance
de tir.
"
0x2b00,"Pleurote en forme d'huître:
Appuyez sur la touche  pour
tenir, relâchez pour jeter.
La force de pression de la
touche  détermine la distance
de tir.
","Pleurote en forme d'huître:
Appuyez sur la touche  pour
tenir, relâchez pour jeter.
La force de pression de la
touche  détermine la distance
de tir.
"
0x2b9f,"Champignon luminescent
de l'Oural: Appuyez sur la touche
 pour tenir, relâchez pour jeter.
La force de pression de la touche
 détermine la distance de tir.
","Champignon luminescent
de l'Oural: Appuyez sur la touche
 pour tenir, relâchez pour jeter.
La force de pression de la touche
 détermine la distance de tir.
"
0x2c44,"Coprin noir d'encre:
Appuyez sur la touche  pour
tenir, relâchez pour jeter.
La force de pression de la
touche  détermine la distance
de tir.
","Coprin noir d'encre:
Appuyez sur la touche  pour
tenir, relâchez pour jeter.
La force de pression de la
touche  détermine la distance
de tir.
"
0x2cdb,"Amanite tue-mouche:
Appuyez sur la touche  pour
tenir, relâchez pour jeter.
La force de pression de la
touche  détermine la distance
de tir.
","Amanite tue-mouche:
Appuyez sur la touche  pour
tenir, relâchez pour jeter.
La force de pression de la
touche  détermine la distance
de tir.
"
0x2d71,"Russule phosphorescente:
Appuyez sur la touche  pour
tenir, relâchez pour jeter.
La force de pression de la
touche  détermine la distance
de tir.
","Russule phosphorescente:
Appuyez sur la touche  pour
tenir, relâchez pour jeter.
La force de pression de la
touche  détermine la distance
de tir.
"
0x2e0c,"Spatsa:
Appuyez sur la touche  pour
tenir, relâchez pour jeter. La
force de pression de la touche 
détermine la distance de tir.
","Spatsa:
Appuyez sur la touche  pour
tenir, relâchez pour jeter. La
force de pression de la touche 
détermine la distance de tir.
"
0x2e96,"Hydne imbriqué:
Appuyez sur la touche  pour
tenir, relâchez pour jeter.
La force de pression de la
touche  détermine la distance
de tir.
","Hydne imbriqué:
Appuyez sur la touche  pour
tenir, relâchez pour jeter.
La force de pression de la
touche  détermine la distance
de tir.
"
0x2f29,"Yabloko Moloko:
Appuyez sur la touche  pour
tenir, relâchez pour jeter.
La force de pression de la
touche  détermine la distance
de tir.
","Yabloko Moloko:
Appuyez sur la touche  pour
tenir, relâchez pour jeter.
La force de pression de la
touche  détermine la distance
de tir.
"
0x2fbb,"Fausse mangue russe:
Appuyez sur la touche  pour
tenir, relâchez pour jeter.
La force de pression de la
touche  détermine la distance
de tir.
","Fausse mangue russe:
Appuyez sur la touche  pour
tenir, relâchez pour jeter.
La force de pression de la
touche  détermine la distance
de tir.
"
0x3052,"Golova:
Appuyez sur la touche  pour
tenir, relâchez pour jeter.
La force de pression de la
touche  détermine la distance
de tir.
","Golova:
Appuyez sur la touche  pour
tenir, relâchez pour jeter.
La force de pression de la
touche  détermine la distance
de tir.
"
0x30dc,"Melon de vigne:
Appuyez sur la touche  pour
tenir, relâchez pour jeter.
La force de pression de la
touche  détermine la distance
de tir.
","Melon de vigne:
Appuyez sur la touche  pour
tenir, relâchez pour jeter.
La force de pression de la
touche  détermine la distance
de tir.
"
0x316e,"Nouilles instantanées:
Fabriquées au Japon. Appuyez
sur la touche  pour tenir,
relâchez pour lancer. La
force de pression de la touche 
détermine la distance de tir.
","Nouilles instantanées:
Fabriquées au Japon. Appuyez
sur la touche  pour tenir,
relâchez pour lancer. La
force de pression de la touche 
détermine la distance de tir.
"
0x321f,"Ration: Fabriquée en URSS.
Appuyez sur la touche  pour
tenir, relâchez pour jeter.
La force de pression de la
touche  détermine la distance
de tir.
","Ration: Fabriquée en URSS.
Appuyez sur la touche  pour
tenir, relâchez pour jeter.
La force de pression de la
touche  détermine la distance
de tir.
"
0x32bd,"Calorie Mate:
Un aliment équilibré. Appuyez sur
la touche  pour tenir, relâchez
pour jeter. La force de pression
de la touche  détermine la
distance de tir.
","Calorie Mate:
Un aliment équilibré. Appuyez sur
la touche  pour tenir, relâchez
pour jeter. La force de pression
de la touche  détermine la
distance de tir.
"
0x3365,"Nid de frelons de The Pain:
Nid avec frelons (The Pain)
& miel. Appuyez sur la touche 
pour tenir, relâchez pour
lancer. La force de pression
de la touche  détermine la
distance de tir.
","Nid de frelons de The Pain:
Nid avec frelons (The Pain)
& miel. Appuyez sur la touche 
pour tenir, relâchez pour
lancer. La force de pression
de la touche  détermine la
distance de tir.
"
0x3428,"Viande de Tsuchinoko:
Appuyez sur la touche  pour
tenir, relâchez pour jeter.
La force de pression de la
touche  détermine la distance
de tir.
","Viande de Tsuchinoko:
Appuyez sur la touche  pour
tenir, relâchez pour jeter.
La force de pression de la
touche  détermine la distance
de tir.
"
0x34c0,"Viande de scorpion empereur:
Appuyez sur la touche  pour
tenir, relâchez pour jeter.
La force de pression de la
touche  détermine la distance
de tir.
","Viande de scorpion empereur:
Appuyez sur la touche  pour
tenir, relâchez pour jeter.
La force de pression de la
touche  détermine la distance
de tir.
"
0x355f,"Viande de mygale bleu cobalt:
Appuyez sur la touche  pour
tenir, relâchez pour jeter.
La force de pression de la
touche  détermine la distance
de tir.
","Viande de mygale bleu cobalt:
Appuyez sur la touche  pour
tenir, relâchez pour jeter.
La force de pression de la
touche  détermine la distance
de tir.
"
0x35ff,"Cobra royal vivant:
Appuyez sur la touche  pour
tenir, relâchez pour jeter.
La force de pression de la
touche  détermine la distance
de tir.
","Cobra royal vivant:
Appuyez sur la touche  pour
tenir, relâchez pour jeter.
La force de pression de la
touche  détermine la distance
de tir.
"
0x3695,"Cobra de Taiwan vivant:
Appuyez sur la touche  pour
tenir, relâchez pour jeter.
La force de pression de la
touche  détermine la distance
de tir.
","Cobra de Taiwan vivant:
Appuyez sur la touche  pour
tenir, relâchez pour jeter.
La force de pression de la
touche  détermine la distance
de tir.
"
0x372f,"Cobra à monocle vivant:
Appuyez sur la touche  pour
tenir, relâchez pour jeter.
La force de pression de la
touche  détermine la distance
de tir.
","Cobra à monocle vivant:
Appuyez sur la touche  pour
tenir, relâchez pour jeter.
La force de pression de la
touche  détermine la distance
de tir.
"
0x37ca,"Serpent corail vivant:
Appuyez sur la touche  pour
tenir, relâchez pour jeter.
La force de pression de la
touche  détermine la distance
de tir.
","Serpent corail vivant:
Appuyez sur la touche  pour
tenir, relâchez pour jeter.
La force de pression de la
touche  détermine la distance
de tir.
"
0x3863,"Serpent de lait vivant:
Appuyez sur la touche  pour
tenir, relâchez pour jeter.
La force de pression de la
touche  détermine la distance
de tir.
","Serpent de lait vivant:
Appuyez sur la touche  pour
tenir, relâchez pour jeter.
La force de pression de la
touche  détermine la distance
de tir.
"
0x38fd,"Python vert vivant:
Appuyez sur la touche  pour
tenir, relâchez pour jeter.
La force de pression de la
touche  détermine la distance
de tir.
","Python vert vivant:
Appuyez sur la touche  pour
tenir, relâchez pour jeter.
La force de pression de la
touche  détermine la distance
de tir.
"
0x3993,"Anaconda géant vivant:
Appuyez sur la touche  pour
tenir, relâchez pour jeter.
La force de pression de la
touche  détermine la distance
de tir.
","Anaconda géant vivant:
Appuyez sur la touche  pour
tenir, relâchez pour jeter.
La force de pression de la
touche  détermine la distance
de tir.
"
0x3a2d,"Python réticulé vivant:
Appuyez sur la touche  pour
tenir, relâchez pour jeter.
La force de pression de la
touche  détermine la distance
de tir.
","Python réticulé vivant:
Appuyez sur la touche  pour
tenir, relâchez pour jeter.
La force de pression de la
touche  détermine la distance
de tir.
"
0x3ac9,"Liquid vivant:
Appuyez sur la touche  pour
tenir, relâchez pour jeter. La
force de pression de la touche 
détermine la distance de tir.
","Liquid vivant:
Appuyez sur la touche  pour
tenir, relâchez pour jeter. La
force de pression de la touche 
détermine la distance de tir.
"
0x3b5a,"Solid vivant:
Appuyez sur la touche  pour
tenir, relâchez pour jeter. La
force de pression de la touche 
détermine la distance de tir.
","Solid vivant:
Appuyez sur la touche  pour
tenir, relâchez pour jeter. La
force de pression de la touche 
détermine la distance de tir.
"
0x3bea,"Solidus vivant:
Appuyez sur la touche  pour
tenir, relâchez pour jeter. La
force de pression de la touche 
détermine la distance de tir.
","Solidus vivant:
Appuyez sur la touche  pour
tenir, relâchez pour jeter. La
force de pression de la touche 
détermine la distance de tir.
"
0x3c7c,,
0x3c7d,"Grenouille Otton vivante:
Appuyez sur la touche  pour
tenir, relâchez pour jeter.
La force de pression de la
touche  détermine la distance
de tir.
","Grenouille Otton vivante:
Appuyez sur la touche  pour
tenir, relâchez pour jeter.
La force de pression de la
touche  détermine la distance
de tir.
"
0x3d19,"Grenouille arboricole vivante:
Appuyez sur la touche  pour
tenir, relâchez pour jeter.
La force de pression de la
touche  détermine la distance
de tir.
","Grenouille arboricole vivante:
Appuyez sur la touche  pour
tenir, relâchez pour jeter.
La force de pression de la
touche  détermine la distance
de tir.
"
0x3dba,"Grenouille dendrobate vivante:
Appuyez sur la touche  pour
tenir, relâchez pour jeter.
La force de pression de la
touche  détermine la distance
de tir.
","Grenouille dendrobate vivante:
Appuyez sur la touche  pour
tenir, relâchez pour jeter.
La force de pression de la
touche  détermine la distance
de tir.
"
0x3e5b,"Rat vivant:
Appuyez sur la touche  pour
tenir, relâchez pour jeter. La
force de pression de la touche 
détermine la distance de tir.
","Rat vivant:
Appuyez sur la touche  pour
tenir, relâchez pour jeter. La
force de pression de la touche 
détermine la distance de tir.
"
0x3ee9,"Lapin de garenne vivant:
Appuyez sur la touche  pour
tenir, relâchez pour jeter.
La force de pression de la
touche  détermine la distance
de tir.
","Lapin de garenne vivant:
Appuyez sur la touche  pour
tenir, relâchez pour jeter.
La force de pression de la
touche  détermine la distance
de tir.
"
0x3f84,"Ecureuil volant vivant:
Appuyez sur la touche  pour
tenir, relâchez pour jeter.
La force de pression de la
touche  détermine la distance
de tir.
","Ecureuil volant vivant:
Appuyez sur la touche  pour
tenir, relâchez pour jeter.
La force de pression de la
touche  détermine la distance
de tir.
"
0x401e,,
0x401f,"Chauve-souris vampire vivante:
Appuyez sur la touche  pour
tenir, relâchez pour jeter.
La force de pression de la
touche  détermine la distance
de tir.
","Chauve-souris vampire vivante:
Appuyez sur la touche  pour
tenir, relâchez pour jeter.
La force de pression de la
touche  détermine la distance
de tir.
"
0x40c0,,
0x40c1,"Scorpion empereur vivant:
Appuyez sur la touche  pour
tenir, relâchez pour jeter.
La force de pression de la
touche  détermine la distance
de tir.
","Scorpion empereur vivant:
Appuyez sur la touche  pour
tenir, relâchez pour jeter.
La force de pression de la
touche  détermine la distance
de tir.
"
0x415d,"Mygale bleu cobalt vivante:
Appuyez sur la touche  pour
tenir, relâchez pour jeter.
La force de pression de la
touche  détermine la distance
de tir.
","Mygale bleu cobalt vivante:
Appuyez sur la touche  pour
tenir, relâchez pour jeter.
La force de pression de la
touche  détermine la distance
de tir.
"
0x41fb,"Perroquet vivant:
Appuyez sur la touche  pour
tenir, relâchez pour jeter.
La force de pression de la
touche  détermine la distance
de tir.
","Perroquet vivant:
Appuyez sur la touche  pour
tenir, relâchez pour jeter.
La force de pression de la
touche  détermine la distance
de tir.
"
0x428f,,
0x4290,"Bengali rouge vivant:
Appuyez sur la touche  pour
tenir, relâchez pour jeter.
La force de pression de la
touche  détermine la distance
de tir.
","Bengali rouge vivant:
Appuyez sur la touche  pour
tenir, relâchez pour jeter.
La force de pression de la
touche  détermine la distance
de tir.
"
0x4328,"Pie vivante:
Appuyez sur la touche  pour
tenir, relâchez pour jeter.
La force de pression de la
touche  détermine la distance
de tir.
","Pie vivante:
Appuyez sur la touche  pour
tenir, relâchez pour jeter.
La force de pression de la
touche  détermine la distance
de tir.
"
0x43b7,"Arrenga bleuet vivant:
Appuyez sur la touche  pour
tenir, relâchez pour jeter.
La force de pression de la
touche  détermine la distance
de tir.
","Arrenga bleuet vivant:
Appuyez sur la touche  pour
tenir, relâchez pour jeter.
La force de pression de la
touche  détermine la distance
de tir.
"
0x4450,"Carangue vorace vivante:
Appuyez sur la touche  pour
tenir, relâchez pour jeter.
La force de pression de la
touche  détermine la distance
de tir.
","Carangue vorace vivante:
Appuyez sur la touche  pour
tenir, relâchez pour jeter.
La force de pression de la
touche  détermine la distance
de tir.
"
0x44eb,"Requin barbu vivant:
Appuyez sur la touche  pour
tenir, relâchez pour jeter.
La force de pression de la
touche  détermine la distance
de tir.
","Requin barbu vivant:
Appuyez sur la touche  pour
tenir, relâchez pour jeter.
La force de pression de la
touche  détermine la distance
de tir.
"
0x4582,,
0x4583,"Crabe de mangrove vivant:
Appuyez sur la touche  pour
tenir, relâchez pour jeter.
La force de pression de la
touche  détermine la distance
de tir.
","Crabe de mangrove vivant:
Appuyez sur la touche  pour
tenir, relâchez pour jeter.
La force de pression de la
touche  détermine la distance
de tir.
"
0x461f,"Tsuchinoko vivant:
Appuyez sur la touche  pour
tenir, relâchez pour jeter.
La force de pression de la
touche  détermine la distance
de tir.
","Tsuchinoko vivant:
Appuyez sur la touche  pour
tenir, relâchez pour jeter.
La force de pression de la
touche  détermine la distance
de tir.
"
0x46b4,"Monkey Shaker: Pistolet
spécial qui permet d'endormir
les singes. Appuyez sur la touche
 pour viser, relâchez pour tirer.
En vous en équipant, vous
serez d'humeur à attraper
des singes.
","Monkey Shaker: Pistolet
spécial qui permet d'endormir
les singes. Appuyez sur la touche
 pour viser, relâchez pour tirer.
En vous en équipant, vous
serez d'humeur à attraper
des singes.
"
0x4776,"Single Action Army:
Appuyez sur la touche 
pour le lever, relâchez
pour tirer. Visez à
l'aide de la touche ,
en Obs. à la 1ère pers.
","Single Action Army:
Appuyez sur la touche 
pour le lever, relâchez
pour tirer. Visez à
l'aide de la touche ,
en Obs. à la 1ère pers.
"
0x4806,"Lance-flammes
Appuyer doucement sur la touche 
pour se préparer à tirer puis
appuyer fortement pour lancer
un jet de flamme.
","Lance-flammes
Appuyer doucement sur la touche 
pour se préparer à tirer puis
appuyer fortement pour lancer
un jet de flamme.
"
0x4889,,
0x488a,"|
|
|
|
","|
|
|
|
"
0x4893,"Médicament de VIE:
Développé par l'URSS.
Restaure la VIE. Appuyez sur
la touche  dans la fenêtre
pour l'utiliser.
","Médicament de VIE:
Développé par l'URSS.
Restaure la VIE. Appuyez sur
la touche  dans la fenêtre
pour l'utiliser.
"
0x490d,"Pentazémine: Antidépresseur à
la benzodiazépine. Sert de
relaxant musculaire, traite
tout déséquilibre autonome.
Utilisez à l'aide de la touche
 dans la fenêtre.
","Pentazémine: Antidépresseur à
la benzodiazépine. Sert de
relaxant musculaire, traite
tout déséquilibre autonome.
Utilisez à l'aide de la touche
 dans la fenêtre.
"
0x49bb,"Pilule de mort simulée: Pilule
des services d'espionnage
développée par la CIA. Permet
de simuler la mort de façon
temporaire. Utilisez à l'aide
de la touche  dans la fenêtre.
","Pilule de mort simulée: Pilule
des services d'espionnage
développée par la CIA. Permet
de simuler la mort de façon
temporaire. Utilisez à l'aide
de la touche  dans la fenêtre.
"
0x4a75,"Pilule de réveil: Pilule
des services d'espionnage
développée par la CIA. Permet
de se réveiller d'une mort
simulée. Utilisez à l'aide de
la touche  dans la fenêtre.
","Pilule de réveil: Pilule
des services d'espionnage
développée par la CIA. Permet
de se réveiller d'une mort
simulée. Utilisez à l'aide de
la touche  dans la fenêtre.
"
0x4b26,"Cigares:
Crée une dépendance
importante et nuit gravement
à votre santé.
","Cigares:
Crée une dépendance
importante et nuit gravement
à votre santé.
"
0x4b74,"Jumelles:
Jumelles militaires pour une
reconnaissance longue distance.
Zoom avant avec la touche ,
zoom arrière avec la touche .
","Jumelles:
Jumelles militaires pour une
reconnaissance longue distance.
Zoom avant avec la touche ,
zoom arrière avec la touche .
"
0x4bfd,"Lunettes thermiques: Pour
visualiser la distribution des
sources de chaleur. Permet de
voir dans l'obscurité.
Consomme les batteries lors
de leur utilisation.
","Lunettes thermiques: Pour
visualiser la distribution des
sources de chaleur. Permet de
voir dans l'obscurité.
Consomme les batteries lors
de leur utilisation.
"
0x4c9e,"Lunettes de vision nocturne:
Permet d'amplifier
électroniquement l'intensité
de la lumière. Permet de voir
dans l'obscurité. Consomme
les batteries lors de leur
utilisation.
","Lunettes de vision nocturne:
Permet d'amplifier
électroniquement l'intensité
de la lumière. Permet de voir
dans l'obscurité. Consomme
les batteries lors de leur
utilisation.
"
0x4d51,"Appareil photo:
Appuyez sur la touche  pour
prendre des photos. Zoom avant
avec la touche , zoom arrière
avec la touche .
","Appareil photo:
Appuyez sur la touche  pour
prendre des photos. Zoom avant
avec la touche , zoom arrière
avec la touche .
"
0x4dd6,"Détecteur de mouvements:
Capteur qui détecte les
mouvements d'un objet. Ne
détecte pas les objets
stationnaires. Consomme
des batteries lors de son
utilisation.
","Détecteur de mouvements:
Capteur qui détecte les
mouvements d'un objet. Ne
détecte pas les objets
stationnaires. Consomme
des batteries lors de son
utilisation.
"
0x4e7b,"Sonar actif: Capteur qui
détecte la présence d'animaux
à l'aide d'ondes sonores.
Appuyez sur la touche  pour
émettre une onde. Son utilisation
consomme des batteries.
","Sonar actif: Capteur qui
détecte la présence d'animaux
à l'aide d'ondes sonores.
Appuyez sur la touche  pour
émettre une onde. Son utilisation
consomme des batteries.
"
0x4f2a,"Détecteur de mines:
Fait du bruit lorsqu'il détecte des
mines Claymores posées au sol.
S'en équiper pour l'utiliser. Son
utilisation consomme des
batteries.
","Détecteur de mines:
Fait du bruit lorsqu'il détecte des
mines Claymores posées au sol.
S'en équiper pour l'utiliser. Son
utilisation consomme des
batteries.
"
0x4fcc,"Capteur AP: Vibre quand il
détecte une forme de vie
humaine. S'en équiper pour
l'utiliser. Son utilisation
consomme des batteries. Toutes
les autres vibrations seront
desactivees lors qu'il est activé.
","Capteur AP: Vibre quand il
détecte une forme de vie
humaine. S'en équiper pour
l'utiliser. Son utilisation
consomme des batteries. Toutes
les autres vibrations seront
desactivees lors qu'il est activé.
"
0x509a,"Boîte en carton A:
S'en équiper pour le porter.
Avec l'indication, sur le côté
""A expédier au Laboratoire
d'armes: Aile Est"".
","Boîte en carton A:
S'en équiper pour le porter.
Avec l'indication, sur le côté
""A expédier au Laboratoire
d'armes: Aile Est"".
"
0x511e,"Boîte en carton B:
S'en équiper pour le porter.
Avec l'indication sur le côté
""A expédier au Laboratoire
d'armes: Hangar"".
","Boîte en carton B:
S'en équiper pour le porter.
Avec l'indication sur le côté
""A expédier au Laboratoire
d'armes: Hangar"".
"
0x519f,"Boîte en carton C:
S'en équiper pour le porter.
Impossible de lire les
lettres sur le côté.
","Boîte en carton C:
S'en équiper pour le porter.
Impossible de lire les
lettres sur le côté.
"
0x5200,,
0x5201,"Casquette de crocodile:
S'en équiper pour la porter.
","Casquette de crocodile:
S'en équiper pour la porter.
"
0x5238,"Clé A:
Carte-clé fournie par Granin.
Ouvre la porte rouge au sud-est
de l'entrepôt de Ponizovje.
","Clé A:
Carte-clé fournie par Granin.
Ouvre la porte rouge au sud-est
de l'entrepôt de Ponizovje.
"
0x529d,"Clé B:
Clé fournie par EVA.
Ouvre la porte à l'est du sommet
de la montagne Krasnogorje.
","Clé B:
Clé fournie par EVA.
Ouvre la porte à l'est du sommet
de la montagne Krasnogorje.
"
0x52fa,"Clé C:
Clé fournie par EVA.
Ouvre la porte du hangar dans
l'aile principale du Labo d'armes.
","Clé C:
Clé fournie par EVA.
Ouvre la porte du hangar dans
l'aile principale du Labo d'armes.
"
0x535a,,
0x535b,"Camouflage optique:
S'active lorsque vous vous en
équipez. Permet de tromper
l'ennemi visuellement, vous
aidant ainsi à vous dissimuler.
","Camouflage optique:
S'active lorsque vous vous en
équipez. Permet de tromper
l'ennemi visuellement, vous
aidant ainsi à vous dissimuler.
"
0x53e7,"Insecticide: Pour repousser les
insectes. Permet d'éloigner
frelons & sangsues tant que
l'insecticide fait effet.
Appliquer à l'aide de la touche
 dans la fenêtre.
","Insecticide: Pour repousser les
insectes. Permet d'éloigner
frelons & sangsues tant que
l'insecticide fait effet.
Appliquer à l'aide de la touche
 dans la fenêtre.
"
0x5492,"Masque de singe:
Masque qui imite un singe.
","Masque de singe:
Masque qui imite un singe.
"
0x54bf,"Lunettes thermiques:
Pour visualiser la répartition
des sources de chaleur. Permet
de voir dans l'obscurité.
","Lunettes thermiques:
Pour visualiser la répartition
des sources de chaleur. Permet
de voir dans l'obscurité.
"
0x552f,"Sonar actif:
Capteur qui détecte la présence
d'animaux à l'aide d'ondes
sonores. Appuyez sur la touche
 pour émettre des ondes.
","Sonar actif:
Capteur qui détecte la présence
d'animaux à l'aide d'ondes
sonores. Appuyez sur la touche
 pour émettre des ondes.
"
0x55b7,"Camouflage
Changer d'uniforme pour se
fondre dans le paysage.
Ouvrez la fenêtre puis appuyez
sur la touche  pour changer
de camouflage.
","Camouflage
Changer d'uniforme pour se
fondre dans le paysage.
Ouvrez la fenêtre puis appuyez
sur la touche  pour changer
de camouflage.
"
0x5644,"//使用してない
","//使用してない
"
0x565a,"Carte
Les flèches sont les alliés et
les X sont les objets. Les cercles
rouges et bleus représentent les
objectifs de chaque équipe.
","Carte
Les flèches sont les alliés et
les X sont les objets. Les cercles
rouges et bleus représentent les
objectifs de chaque équipe.
"
0x56e4,"Kerotan
L'objet à capturer dans les
missions de capture.
Ouvrez la fenêtre puis appuyez
sur la touche  pour lâcher
l'objet.
","Kerotan
L'objet à capturer dans les
missions de capture.
Ouvrez la fenêtre puis appuyez
sur la touche  pour lâcher
l'objet.
"
0x5767,"GA-KO
L'objet à capturer dans les
missions de sauvetage.
Ouvrez la fenêtre puis appuyez
sur la touche  pour lâcher
l'objet.
","GA-KO
L'objet à capturer dans les
missions de sauvetage.
Ouvrez la fenêtre puis appuyez
sur la touche  pour lâcher
l'objet.
"
0x57ea,"Microfilm
L'objet à capturer dans les
missions d'infiltration.
Ouvrez la fenêtre puis appuyez
sur la touche  pour lâcher
l'objet.
","Microfilm
L'objet à capturer dans les
missions d'infiltration.
Ouvrez la fenêtre puis appuyez
sur la touche  pour lâcher
l'objet.
"
0x5873,"Moniteur
Permet de visionner les vidéos
des caméras de sécurités déjà
installées. Appuyez sur
les touches  et  pour
changer de chaîne.
","Moniteur
Permet de visionner les vidéos
des caméras de sécurités déjà
installées. Appuyez sur
les touches  et  pour
changer de chaîne.
"
0x5909,,
0x590a,MAJOR TOM,MAJOR TOM
0x5914,PARA-MEDIC,PARA-MEDIC
0x591f,SAUVEGARDER,SAUVEGARDER
0x592b,THE BOSS,THE BOSS
0x5934,MAJOR ZERO,MAJOR ZERO
0x593f,EVA,EVA
0x5943,SIGINT,SIGINT
0x594a,,
0x594b,"Survival knife:
For close combat. Press 
button to slash, press firmly
to stab. Press it repeatedly to
make a combo attack.
","Survival knife:
For close combat. Press 
button to slash, press firmly
to stab. Press it repeatedly to
make a combo attack.
"
0x59cb,"Fork:
Press  button to slash, press
firmly to stab. Animals and
plants captured with this can
be eaten on the spot.
","Fork:
Press  button to slash, press
firmly to stab. Animals and
plants captured with this can
be eaten on the spot.
"
0x5a43,"Cig gas-spray:
Gas-spray gun disguised as a
cigarette. Puts enemy to sleep.
Press  button to hold,
release to emit gas.
","Cig gas-spray:
Gas-spray gun disguised as a
cigarette. Puts enemy to sleep.
Press  button to hold,
release to emit gas.
"
0x5abf,"Knock-out handkerchief:
Handkerchief with knockout
medicine. Puts enemy to sleep
in CQC. Can disperse medicine
with Weapon button.
","Knock-out handkerchief:
Handkerchief with knockout
medicine. Puts enemy to sleep
in CQC. Can disperse medicine
with Weapon button.
"
0x5b43,"Mk22:
Tranquilizer gun. Press 
button to aim, and release to
fire. Put on/off suppressor w/
 button.
","Mk22:
Tranquilizer gun. Press 
button to aim, and release to
fire. Put on/off suppressor w/
 button.
"
0x5baf,"M1911A1:
.45 auto. Press  button
to aim, release to fire.
Put on/off suppressor w/
 button.
","M1911A1:
.45 auto. Press  button
to aim, release to fire.
Put on/off suppressor w/
 button.
"
0x5c12,"EZ GUN:
Special silent tranquilizer gun
w/ built-in laser sight.
Camo Index & stamina fall
in lesser amounts.
","EZ GUN:
Special silent tranquilizer gun
w/ built-in laser sight.
Camo Index & stamina fall
in lesser amounts.
"
0x5c81,"Single Action Army:
.45 revolver. Press  button
to hold, release to fire. Aim w/
 button, play w/ right analog
stick in 1st person view.
","Single Action Army:
.45 revolver. Press  button
to hold, release to fire. Aim w/
 button, play w/ right analog
stick in 1st person view.
"
0x5d11,"Patriot:
The Boss' assault pistol. Press
 button lightly to hold, firmly
to fire. Feeding mechanism in
drum mag is ∞-shaped.
","Patriot:
The Boss' assault pistol. Press
 button lightly to hold, firmly
to fire. Feeding mechanism in
drum mag is ∞-shaped.
"
0x5d94,"Scorpion:
.32 caliber sub machine gun.
Press  button lightly to hold,
firmly to fire. Toggle semi/full-
auto w/  button in window.
","Scorpion:
.32 caliber sub machine gun.
Press  button lightly to hold,
firmly to fire. Toggle semi/full-
auto w/  button in window.
"
0x5e1e,"XM16E1: Hold in 1st person
view & shoulder-aim w/ 
button. Toggle firing mode w/
 button, put on/off suppressor
w/  button in window.
","XM16E1: Hold in 1st person
view & shoulder-aim w/ 
button. Toggle firing mode w/
 button, put on/off suppressor
w/  button in window.
"
0x5eae,"AK-47:
Soviet assault rifle. Hold in 1st
person view & shoulder-aim w/
 button. Toggle semi/full-
auto w/  button in window.
","AK-47:
Soviet assault rifle. Hold in 1st
person view & shoulder-aim w/
 button. Toggle semi/full-
auto w/  button in window.
"
0x5f32,"M63:
American light machine gun.
Press  button lightly to hold,
firmly to fire.
","M63:
American light machine gun.
Press  button lightly to hold,
firmly to fire.
"
0x5f86,"M37:
12 gauge shotgun. Press 
button to hold, release to fire.
Can blow away enemy.
","M37:
12 gauge shotgun. Press 
button to hold, release to fire.
Can blow away enemy.
"
0x5fde,"SVD:
Dragunov sniper rifle. Use
scope w/  button. Press 
button to hold, release to fire.
Adjust scope w/  button.
","SVD:
Dragunov sniper rifle. Use
scope w/  button. Press 
button to hold, release to fire.
Adjust scope w/  button.
"
0x605b,"Mosin-Nagant:
Tranquilizer sniper rifle. Use
scope w/  button. Press 
button to hold, release to fire.
Adjust scope w/  button.
","Mosin-Nagant:
Tranquilizer sniper rifle. Use
scope w/  button. Press 
button to hold, release to fire.
Adjust scope w/  button.
"
0x60e5,"RPG-7:
Portable rocket launcher. Use
scope w/  button. Press 
button to hold, release to fire.
Can't equip in prone position.
","RPG-7:
Portable rocket launcher. Use
scope w/  button. Press 
button to hold, release to fire.
Can't equip in prone position.
"
0x616a,"Torch:
Wave w/  button, press
repeatedly to swing around.
Light or put out fire w/ 
button.
","Torch:
Wave w/  button, press
repeatedly to swing around.
Light or put out fire w/ 
button.
"
0x61cd,"Grenade:
Press  button to hold,
release to throw.
How strong  button is
pressed varies distance.
","Grenade:
Press  button to hold,
release to throw.
How strong  button is
pressed varies distance.
"
0x6235,"White Phosphorous Grenade:
Light enemy on fire. Press 
button to hold, release to
throw. How strong  button
is pressed varies distance.
","White Phosphorous Grenade:
Light enemy on fire. Press 
button to hold, release to
throw. How strong  button
is pressed varies distance.
"
0x62c4,"Stun Grenade:
Stuns enemy temporarily.
Press  button to aim, release
to throw. How strong  button
is pressed varies distance.
","Stun Grenade:
Stuns enemy temporarily.
Press  button to aim, release
to throw. How strong  button
is pressed varies distance.
"
0x6349,"Chaff Grenade:
Causes radio wave disturbance.
Press  button to aim, release
to throw. How strong  button
is pressed varies distance.
","Chaff Grenade:
Causes radio wave disturbance.
Press  button to aim, release
to throw. How strong  button
is pressed varies distance.
"
0x63d5,"Smoke Grenade:
Blinds enemy w/ smoke screen.
Press  button to aim, release
to throw. How strong  button
is pressed varies distance.
","Smoke Grenade:
Blinds enemy w/ smoke screen.
Press  button to aim, release
to throw. How strong  button
is pressed varies distance.
"
0x6460,"Magazine:
Empty magazine. Press 
button to hold, release to
throw. How strong  button
is pressed varies distance.
","Magazine:
Empty magazine. Press 
button to hold, release to
throw. How strong  button
is pressed varies distance.
"
0x64d9,"TNT:
Explosive w/ remote detonator.
Press  button to set. Press
 button - w/ TNT equipped -
to detonate.
","TNT:
Explosive w/ remote detonator.
Press  button to set. Press
 button - w/ TNT equipped -
to detonate.
"
0x6549,"C3:
Plastic explosive. Press 
button to set near warehouse
liquid fuel tanks. Can be set on
liquid fuel tanks only.
","C3:
Plastic explosive. Press 
button to set near warehouse
liquid fuel tanks. Can be set on
liquid fuel tanks only.
"
0x65c1,"Claymore:
Anti-personnel landmine w/
front sensor. Press  button
to set. Can be retrieved if
crawled over.
","Claymore:
Anti-personnel landmine w/
front sensor. Press  button
to set. Can be retrieved if
crawled over.
"
0x6630,"Book:
Publication w/ adult-oriented
material. Full of girly photos
and interesting columns.
Press  button to set.
","Book:
Publication w/ adult-oriented
material. Full of girly photos
and interesting columns.
Press  button to set.
"
0x66a6,"Mousetrap:
Trap to capture small animals.
Press  button to set. Can be
retrieved if crawled over.
","Mousetrap:
Trap to capture small animals.
Press  button to set. Can be
retrieved if crawled over.
"
0x670c,"Directional Microphone:
Microphone that can pick up
small sounds. When equipped,
it picks up sounds in the
pointed direction.
","Directional Microphone:
Microphone that can pick up
small sounds. When equipped,
it picks up sounds in the
pointed direction.
"
0x678b,"King Cobra meat:
Press  button to hold,
release to throw.
How strong  button is
pressed varies distance.
","King Cobra meat:
Press  button to hold,
release to throw.
How strong  button is
pressed varies distance.
"
0x67fb,"Taiwanese Cobra meat:
Press  button to hold,
release to throw.
How strong  button is
pressed varies distance.
","Taiwanese Cobra meat:
Press  button to hold,
release to throw.
How strong  button is
pressed varies distance.
"
0x686f,"Thai Cobra meat:
Press  button to hold,
release to throw.
How strong  button is
pressed varies distance.
","Thai Cobra meat:
Press  button to hold,
release to throw.
How strong  button is
pressed varies distance.
"
0x68df,"Coral Snake meat:
Press  button to hold,
release to throw.
How strong  button is
pressed varies distance.
","Coral Snake meat:
Press  button to hold,
release to throw.
How strong  button is
pressed varies distance.
"
0x6950,"Milk Snake meat:
Press  button to hold,
release to throw.
How strong  button is
pressed varies distance.
","Milk Snake meat:
Press  button to hold,
release to throw.
How strong  button is
pressed varies distance.
"
0x69c0,"Green Tree Python meat:
Press  button to hold,
release to throw.
How strong  button is
pressed varies distance.
","Green Tree Python meat:
Press  button to hold,
release to throw.
How strong  button is
pressed varies distance.
"
0x6a37,"Giant Anaconda meat:
Press  button to hold,
release to throw.
How strong  button is
pressed varies distance.
","Giant Anaconda meat:
Press  button to hold,
release to throw.
How strong  button is
pressed varies distance.
"
0x6aab,"Reticulated Python meat:
Press  button to hold,
release to throw.
How strong  button is
pressed varies distance.
","Reticulated Python meat:
Press  button to hold,
release to throw.
How strong  button is
pressed varies distance.
"
0x6b23,"Liquid meat:
Press  button to hold,
release to throw.
How strong  button is
pressed varies distance.
","Liquid meat:
Press  button to hold,
release to throw.
How strong  button is
pressed varies distance.
"
0x6b8f,"Solid meat:
Press  button to hold,
release to throw.
How strong  button is
pressed varies distance.
","Solid meat:
Press  button to hold,
release to throw.
How strong  button is
pressed varies distance.
"
0x6bfa,"Solidus meat:
Press  button to hold,
release to throw.
How strong  button is
pressed varies distance.
","Solidus meat:
Press  button to hold,
release to throw.
How strong  button is
pressed varies distance.
"
0x6c67,"Indian Gavial meat:
Press  button to hold,
release to throw.
How strong  button is
pressed varies distance.
","Indian Gavial meat:
Press  button to hold,
release to throw.
How strong  button is
pressed varies distance.
"
0x6cda,"Otton Frog meat:
Press  button to hold,
release to throw.
How strong  button is
pressed varies distance.
","Otton Frog meat:
Press  button to hold,
release to throw.
How strong  button is
pressed varies distance.
"
0x6d4a,"Tree Frog meat:
Press  button to hold,
release to throw.
How strong  button is
pressed varies distance.
","Tree Frog meat:
Press  button to hold,
release to throw.
How strong  button is
pressed varies distance.
"
0x6db9,"Poison Dart Frog meat:
Press  button to hold,
release to throw.
How strong  button is
pressed varies distance.
","Poison Dart Frog meat:
Press  button to hold,
release to throw.
How strong  button is
pressed varies distance.
"
0x6e2f,"Rat meat:
Press  button to hold,
release to throw.
How strong  button is
pressed varies distance.
","Rat meat:
Press  button to hold,
release to throw.
How strong  button is
pressed varies distance.
"
0x6e98,"European Rabbit meat:
Press  button to hold,
release to throw.
How strong  button is
pressed varies distance.
","European Rabbit meat:
Press  button to hold,
release to throw.
How strong  button is
pressed varies distance.
"
0x6f0d,"Flying Squirrel meat:
Press  button to hold,
release to throw.
How strong  button is
pressed varies distance.
","Flying Squirrel meat:
Press  button to hold,
release to throw.
How strong  button is
pressed varies distance.
"
0x6f82,"Markhor meat:
Press  button to hold,
release to throw.
How strong  button is
pressed varies distance.
","Markhor meat:
Press  button to hold,
release to throw.
How strong  button is
pressed varies distance.
"
0x6fef,"Vampire Bat meat:
Press  button to hold,
release to throw.
How strong  button is
pressed varies distance.
","Vampire Bat meat:
Press  button to hold,
release to throw.
How strong  button is
pressed varies distance.
"
0x7060,"Hornet's nest:
Hive full of honey. Press 
button to hold, release to
throw. How strong  button
is pressed varies distance.
","Hornet's nest:
Hive full of honey. Press 
button to hold, release to
throw. How strong  button
is pressed varies distance.
"
0x70e2,"Parrot meat:
Press  button to hold,
release to throw.
How strong  button is
pressed varies distance.
","Parrot meat:
Press  button to hold,
release to throw.
How strong  button is
pressed varies distance.
"
0x714e,"White-rumped vulture meat:
Press  button to hold,
release to throw.
How strong  button is
pressed varies distance.
","White-rumped vulture meat:
Press  button to hold,
release to throw.
How strong  button is
pressed varies distance.
"
0x71c8,"Red Avadavat meat:
Press  button to hold,
release to throw.
How strong  button is
pressed varies distance.
","Red Avadavat meat:
Press  button to hold,
release to throw.
How strong  button is
pressed varies distance.
"
0x723a,"Magpie meat:
Press  button to hold,
release to throw.
How strong  button is
pressed varies distance.
","Magpie meat:
Press  button to hold,
release to throw.
How strong  button is
pressed varies distance.
"
0x72a6,"Sunda Whistling-thrush meat:
Press  button to hold,
release to throw.
How strong  button is
pressed varies distance.
","Sunda Whistling-thrush meat:
Press  button to hold,
release to throw.
How strong  button is
pressed varies distance.
"
0x7322,"Bigeye Trevally meat:
Press  button to hold,
release to throw.
How strong  button is
pressed varies distance.
","Bigeye Trevally meat:
Press  button to hold,
release to throw.
How strong  button is
pressed varies distance.
"
0x7397,"Maroon Shark meat:
Press  button to hold,
release to throw.
How strong  button is
pressed varies distance.
","Maroon Shark meat:
Press  button to hold,
release to throw.
How strong  button is
pressed varies distance.
"
0x7409,"Arowana meat:
Press  button to hold,
release to throw.
How strong  button is
pressed varies distance.
","Arowana meat:
Press  button to hold,
release to throw.
How strong  button is
pressed varies distance.
"
0x7476,"Kenyan Mangrove Crab meat:
Press  button to hold,
release to throw.
How strong  button is
pressed varies distance.
","Kenyan Mangrove Crab meat:
Press  button to hold,
release to throw.
How strong  button is
pressed varies distance.
"
0x74f0,"Russian Oyster Mushroom:
Press  button to hold,
release to throw.
How strong  button is
pressed varies distance.
","Russian Oyster Mushroom:
Press  button to hold,
release to throw.
How strong  button is
pressed varies distance.
"
0x7568,"Ural Luminescent Mushroom:
Press  button to hold,
release to throw.
How strong  button is
pressed varies distance.
","Ural Luminescent Mushroom:
Press  button to hold,
release to throw.
How strong  button is
pressed varies distance.
"
0x75e2,"Siberian Inkcap:
Press  button to hold,
release to throw.
How strong  button is
pressed varies distance.
","Siberian Inkcap:
Press  button to hold,
release to throw.
How strong  button is
pressed varies distance.
"
0x7652,"Fly Agaric:
Press  button to hold,
release to throw.
How strong  button is
pressed varies distance.
","Fly Agaric:
Press  button to hold,
release to throw.
How strong  button is
pressed varies distance.
"
0x76bd,"Russian Glowcap:
Press  button to hold,
release to throw.
How strong  button is
pressed varies distance.
","Russian Glowcap:
Press  button to hold,
release to throw.
How strong  button is
pressed varies distance.
"
0x772d,"Spatsa:
Press  button to hold,
release to throw.
How strong  button is
pressed varies distance.
","Spatsa:
Press  button to hold,
release to throw.
How strong  button is
pressed varies distance.
"
0x7794,"Baikal Scalytooth:
Press  button to hold,
release to throw.
How strong  button is
pressed varies distance.
","Baikal Scalytooth:
Press  button to hold,
release to throw.
How strong  button is
pressed varies distance.
"
0x7806,"Yabloko Moloko:
Press  button to hold,
release to throw.
How strong  button is
pressed varies distance.
","Yabloko Moloko:
Press  button to hold,
release to throw.
How strong  button is
pressed varies distance.
"
0x7875,"Russian False Mango:
Press  button to hold,
release to throw.
How strong  button is
pressed varies distance.
","Russian False Mango:
Press  button to hold,
release to throw.
How strong  button is
pressed varies distance.
"
0x78e9,"Golova:
Press  button to hold,
release to throw.
How strong  button is
pressed varies distance.
","Golova:
Press  button to hold,
release to throw.
How strong  button is
pressed varies distance.
"
0x7950,"Vine Melon:
Press  button to hold,
release to throw.
How strong  button is
pressed varies distance.
","Vine Melon:
Press  button to hold,
release to throw.
How strong  button is
pressed varies distance.
"
0x79bb,"Instant Noodles:
Made in Japan. Press 
button to hold, release to
throw. How strong  button
is pressed varies distance.
","Instant Noodles:
Made in Japan. Press 
button to hold, release to
throw. How strong  button
is pressed varies distance.
"
0x7a3a,"Ration:
Made in USSR. Press 
button to hold, release to
throw. How strong  button
is pressed varies distance.
","Ration:
Made in USSR. Press 
button to hold, release to
throw. How strong  button
is pressed varies distance.
"
0x7aaf,"Calorie Mate: A balanced
nutrition food. Press  button
to hold, release to throw. How
strong  button is pressed
varies distance.
","Calorie Mate: A balanced
nutrition food. Press  button
to hold, release to throw. How
strong  button is pressed
varies distance.
"
0x7b37,"Hive of Pain hornets:
Hive w/ Pain hornets & honey.
Press  button to hold, release
to throw. How strong  button
is pressed varies distance.
","Hive of Pain hornets:
Hive w/ Pain hornets & honey.
Press  button to hold, release
to throw. How strong  button
is pressed varies distance.
"
0x7bca,"Tsuchinoko meat:
Press  button to hold,
release to throw.
How strong  button is
pressed varies distance.
","Tsuchinoko meat:
Press  button to hold,
release to throw.
How strong  button is
pressed varies distance.
"
0x7c3a,"Emperor Scorpion meat:
Press  button to hold,
release to throw.
How strong  button is
pressed varies distance.
","Emperor Scorpion meat:
Press  button to hold,
release to throw.
How strong  button is
pressed varies distance.
"
0x7cb1,"Cobalt Blue Tarantula meat:
Press  button to hold,
release to throw.
How strong  button is
pressed varies distance.
","Cobalt Blue Tarantula meat:
Press  button to hold,
release to throw.
How strong  button is
pressed varies distance.
"
0x7d2c,"Live King Cobra:
Press  button to hold,
release to throw.
How strong  button is
pressed varies distance.
","Live King Cobra:
Press  button to hold,
release to throw.
How strong  button is
pressed varies distance.
"
0x7d9c,"Live Taiwanese Cobra:
Press  button to hold,
release to throw.
How strong  button is
pressed varies distance.
","Live Taiwanese Cobra:
Press  button to hold,
release to throw.
How strong  button is
pressed varies distance.
"
0x7e10,"Live Thai Cobra:
Press  button to hold,
release to throw.
How strong  button is
pressed varies distance.
","Live Thai Cobra:
Press  button to hold,
release to throw.
How strong  button is
pressed varies distance.
"
0x7e80,"Live Coral Snake:
Press  button to hold,
release to throw.
How strong  button is
pressed varies distance.
","Live Coral Snake:
Press  button to hold,
release to throw.
How strong  button is
pressed varies distance.
"
0x7ef1,"Live Milk Snake:
Press  button to hold,
release to throw.
How strong  button is
pressed varies distance.
","Live Milk Snake:
Press  button to hold,
release to throw.
How strong  button is
pressed varies distance.
"
0x7f61,"Live Green Tree Python:
Press  button to hold,
release to throw.
How strong  button is
pressed varies distance.
","Live Green Tree Python:
Press  button to hold,
release to throw.
How strong  button is
pressed varies distance.
"
0x7fd8,"Live Giant Anaconda:
Press  button to hold,
release to throw.
How strong  button is
pressed varies distance.
","Live Giant Anaconda:
Press  button to hold,
release to throw.
How strong  button is
pressed varies distance.
"
0x804c,"Live Reticulated Python:
Press  button to hold,
release to throw.
How strong  button is
pressed varies distance.
","Live Reticulated Python:
Press  button to hold,
release to throw.
How strong  button is
pressed varies distance.
"
0x80c4,"Live Liquid:
Press  button to hold,
release to throw.
How strong  button is
pressed varies distance.
","Live Liquid:
Press  button to hold,
release to throw.
How strong  button is
pressed varies distance.
"
0x8130,"Live Solid:
Press  button to hold,
release to throw.
How strong  button is
pressed varies distance.
","Live Solid:
Press  button to hold,
release to throw.
How strong  button is
pressed varies distance.
"
0x819b,"Live Solidus:
Press  button to hold,
release to throw.
How strong  button is
pressed varies distance.
","Live Solidus:
Press  button to hold,
release to throw.
How strong  button is
pressed varies distance.
"
0x8208,"Live Indian Gavial:
Press  button to hold,
release to throw.
How strong  button is
pressed varies distance.
","Live Indian Gavial:
Press  button to hold,
release to throw.
How strong  button is
pressed varies distance.
"
0x827b,"Live Otton Frog:
Press  button to hold,
release to throw.
How strong  button is
pressed varies distance.
","Live Otton Frog:
Press  button to hold,
release to throw.
How strong  button is
pressed varies distance.
"
0x82eb,"Live Tree Frog:
Press  button to hold,
release to throw.
How strong  button is
pressed varies distance.
","Live Tree Frog:
Press  button to hold,
release to throw.
How strong  button is
pressed varies distance.
"
0x835a,"Live Poison Dart Frog:
Press  button to hold,
release to throw.
How strong  button is
pressed varies distance.
","Live Poison Dart Frog:
Press  button to hold,
release to throw.
How strong  button is
pressed varies distance.
"
0x83d0,"Live Rat:
Press  button to hold,
release to throw.
How strong  button is
pressed varies distance.
","Live Rat:
Press  button to hold,
release to throw.
How strong  button is
pressed varies distance.
"
0x8439,"Live European Rabbit:
Press  button to hold,
release to throw.
How strong  button is
pressed varies distance.
","Live European Rabbit:
Press  button to hold,
release to throw.
How strong  button is
pressed varies distance.
"
0x84ae,"Live Flying Squirrel:
Press  button to hold,
release to throw.
How strong  button is
pressed varies distance.
","Live Flying Squirrel:
Press  button to hold,
release to throw.
How strong  button is
pressed varies distance.
"
0x8523,"Live Markhor:
Press  button to hold,
release to throw.
How strong  button is
pressed varies distance.
","Live Markhor:
Press  button to hold,
release to throw.
How strong  button is
pressed varies distance.
"
0x8590,"Live Vampire Bat:
Press  button to hold,
release to throw.
How strong  button is
pressed varies distance.
","Live Vampire Bat:
Press  button to hold,
release to throw.
How strong  button is
pressed varies distance.
"
0x8601,"Hornet's nest:
Hive full of honey. Press 
button to hold, release to
throw. How strong  button
is pressed varies distance.
","Hornet's nest:
Hive full of honey. Press 
button to hold, release to
throw. How strong  button
is pressed varies distance.
"
0x8683,"Live Emperor Scorpion:
Press  button to hold,
release to throw.
How strong  button is
pressed varies distance.
","Live Emperor Scorpion:
Press  button to hold,
release to throw.
How strong  button is
pressed varies distance.
"
0x86f9,"Live Cobalt Blue Tarantula:
Press  button to hold,
release to throw.
How strong  button is
pressed varies distance.
","Live Cobalt Blue Tarantula:
Press  button to hold,
release to throw.
How strong  button is
pressed varies distance.
"
0x8774,"Live Parrot:
Press  button to hold,
release to throw.
How strong  button is
pressed varies distance.
","Live Parrot:
Press  button to hold,
release to throw.
How strong  button is
pressed varies distance.
"
0x87e0,"Live White-rumped Vulture:
Press  button to hold,
release to throw.
How strong  button is
pressed varies distance.
","Live White-rumped Vulture:
Press  button to hold,
release to throw.
How strong  button is
pressed varies distance.
"
0x885a,"Live Red Avadavat:
Press  button to hold,
release to throw.
How strong  button is
pressed varies distance.
","Live Red Avadavat:
Press  button to hold,
release to throw.
How strong  button is
pressed varies distance.
"
0x88cc,"Live Magpie:
Press  button to hold,
release to throw.
How strong  button is
pressed varies distance.
","Live Magpie:
Press  button to hold,
release to throw.
How strong  button is
pressed varies distance.
"
0x8938,"Live Sunda Whistling-thrush:
Press  button to hold,
release to throw.
How strong  button is
pressed varies distance.
","Live Sunda Whistling-thrush:
Press  button to hold,
release to throw.
How strong  button is
pressed varies distance.
"
0x89b4,"Live Bigeye Trevally:
Press  button to hold,
release to throw.
How strong  button is
pressed varies distance.
","Live Bigeye Trevally:
Press  button to hold,
release to throw.
How strong  button is
pressed varies distance.
"
0x8a29,"Live Maroon Shark:
Press  button to hold,
release to throw.
How strong  button is
pressed varies distance.
","Live Maroon Shark:
Press  button to hold,
release to throw.
How strong  button is
pressed varies distance.
"
0x8a9b,"Live Arowana:
Press  button to hold,
release to throw.
How strong  button is
pressed varies distance.
","Live Arowana:
Press  button to hold,
release to throw.
How strong  button is
pressed varies distance.
"
0x8b08,"Live Kenyan Mangrove Crab:
Press  button to hold,
release to throw.
How strong  button is
pressed varies distance.
","Live Kenyan Mangrove Crab:
Press  button to hold,
release to throw.
How strong  button is
pressed varies distance.
"
0x8b82,"Live Tsuchinoko:
Press  button to hold,
release to throw.
How strong  button is
pressed varies distance.
","Live Tsuchinoko:
Press  button to hold,
release to throw.
How strong  button is
pressed varies distance.
"
0x8bf2,"Monkey Shaker: Special gun
that knocks out monkeys.
Press  button to aim, release
to fire. Equipping it puts you
in a monkey-catching mood.
","Monkey Shaker: Special gun
that knocks out monkeys.
Press  button to aim, release
to fire. Equipping it puts you
in a monkey-catching mood.
"
0x8c82,"Single Action Army:
.45 revolver. Press  button
to hold, release to fire. Aim w/
 button in 1st person view.
","Single Action Army:
.45 revolver. Press  button
to hold, release to fire. Aim w/
 button in 1st person view.
"
0x8cf6,"Flamethrower
Press the  button lightly to
ready; press firmly to attack
with a stream of flame.
","Flamethrower
Press the  button lightly to
ready; press firmly to attack
with a stream of flame.
"
0x8d5a,,
0x8d5b,"|
|
|
|
","|
|
|
|
"
0x8d64,"LIFE medicine:
Developed by USSR.
Restores LIFE. Press 
button in window to use.
","LIFE medicine:
Developed by USSR.
Restores LIFE. Press 
button in window to use.
"
0x8db9,"Pentazemin: Benzodiazepine
anti-depressant. Serves as
muscle relaxant, treats
autonomic imbalance. Use w/
 button in window.
","Pentazemin: Benzodiazepine
anti-depressant. Serves as
muscle relaxant, treats
autonomic imbalance. Use w/
 button in window.
"
0x8e3a,"Fake Death Pill:
Espionage pill developed by
the CIA. Can fake death
temporarily. Use w/  button
in window.
","Fake Death Pill:
Espionage pill developed by
the CIA. Can fake death
temporarily. Use w/  button
in window.
"
0x8eaa,"Revival Pill:
Espionage pill developed by
the CIA. Can wake up from
fake death. Use w/  button
in window.
","Revival Pill:
Espionage pill developed by
the CIA. Can wake up from
fake death. Use w/  button
in window.
"
0x8f18,"Cigars
Highly addictive and
hazardous to your health.
","Cigars
Highly addictive and
hazardous to your health.
"
0x8f4f,"Binoculars:
Military binoculars allowing
long-distance reconnaissance.
Zoom in with  button,
zoom out with  button.
","Binoculars:
Military binoculars allowing
long-distance reconnaissance.
Zoom in with  button,
zoom out with  button.
"
0x8fca,"Thermal Goggles:
Visualizes heat source
distribution. Allows one to
see in the dark. Consumes
battery power while used.
","Thermal Goggles:
Visualizes heat source
distribution. Allows one to
see in the dark. Consumes
battery power while used.
"
0x9043,"N.V.G.: Electronically amplifies
weak dim light for visualization.
Allows one to see in the dark.
Consumes battery power while
used.
","N.V.G.: Electronically amplifies
weak dim light for visualization.
Allows one to see in the dark.
Consumes battery power while
used.
"
0x90c9,"Camera:
Press  button to take photos.
Zoom in with  button,
zoom out with  button.
","Camera:
Press  button to take photos.
Zoom in with  button,
zoom out with  button.
"
0x9126,"Motion Detector:
Sensor that detects an object's
motion. Does not detect
stationary objects. Consumes
battery power while used.
","Motion Detector:
Sensor that detects an object's
motion. Does not detect
stationary objects. Consumes
battery power while used.
"
0x91a7,"Active Sonar: Sensor that
detects animals w/ sound
waves. Press  button
to emit waves. Consumes
battery power while used.
","Active Sonar: Sensor that
detects animals w/ sound
waves. Press  button
to emit waves. Consumes
battery power while used.
"
0x9225,"Mine Detector:
Makes sound upon detection
of Claymores on the ground.
Equip to use. Consumes
battery power while used.
","Mine Detector:
Makes sound upon detection
of Claymores on the ground.
Equip to use. Consumes
battery power while used.
"
0x929d,"AP Sensor: Vibrates when
detecting lifeforms. Equip to
use. Consumes battery power
while used. All other vibrations
will be OFF when activated.
","AP Sensor: Vibrates when
detecting lifeforms. Equip to
use. Consumes battery power
while used. All other vibrations
will be OFF when activated.
"
0x932e,"Cardboard Box A:
Equip to wear.
Says ""To the Weapons Lab:
East Wing"" on the side.
","Cardboard Box A:
Equip to wear.
Says ""To the Weapons Lab:
East Wing"" on the side.
"
0x9381,"Cardboard Box B:
Equip to wear.
Says ""To the Weapons Lab:
Hanger"" on the side.
","Cardboard Box B:
Equip to wear.
Says ""To the Weapons Lab:
Hanger"" on the side.
"
0x93d1,"Cardboard Box C:
Equip to wear.
Letters on the side cannot be
read.
","Cardboard Box C:
Equip to wear.
Letters on the side cannot be
read.
"
0x9416,,
0x9417,"Crocodile Cap:
Equip to wear.
","Crocodile Cap:
Equip to wear.
"
0x9436,"Key A:
Card key obtained from
Granin. Opens red door in
the southeast of Ponizovje
warehouse.
","Key A:
Card key obtained from
Granin. Opens red door in
the southeast of Ponizovje
warehouse.
"
0x9495,"Key B:
Key obtained from EVA.
Opens door in the east of
Krasnogorje mountain top.
","Key B:
Key obtained from EVA.
Opens door in the east of
Krasnogorje mountain top.
"
0x94e8,"Key C:
Key obtained from EVA.
Opens door to hangar at
weapons lab main wing.
","Key C:
Key obtained from EVA.
Opens door to hangar at
weapons lab main wing.
"
0x9536,,
0x9537,"Stealth camouflage:
Activates when equipped. Can
optically deceive enemy eye,
helping you to hide.
","Stealth camouflage:
Activates when equipped. Can
optically deceive enemy eye,
helping you to hide.
"
0x959b,"Bug Juice:
A bug repellent. Keeps away
hornets & leeches while
lasting. Apply w/  button in
window.
","Bug Juice:
A bug repellent. Keeps away
hornets & leeches while
lasting. Apply w/  button in
window.
"
0x9603,"Monkey Mask
A mask that mimics a monkey.
","Monkey Mask
A mask that mimics a monkey.
"
0x962d,"Thermal Goggles:
Visualizes heat source
distribution. Allows one to
see in the dark.
","Thermal Goggles:
Visualizes heat source
distribution. Allows one to
see in the dark.
"
0x9683,"Active Sonar:
Sensor that detects animals
w/ sound waves. Press 
button to emit waves.
","Active Sonar:
Sensor that detects animals
w/ sound waves. Press 
button to emit waves.
"
0x96de,"Camouflage
Change clothes and blend in
with the surroundings. Open
the window and press the 
button to change camouflage.
","Camouflage
Change clothes and blend in
with the surroundings. Open
the window and press the 
button to change camouflage.
"
0x975c,"//使用してない
","//使用してない
"
0x9772,"Map
Arrows are allies, X's are
items. The red and blue
circles mark each team's goal.
","Map
Arrows are allies, X's are
items. The red and blue
circles mark each team's goal.
"
0x97c9,"Kerotan
The target item in Capture
Missions. Open the window
and press the  button to
drop.
","Kerotan
The target item in Capture
Missions. Open the window
and press the  button to
drop.
"
0x9829,"Ga-ko
The target item in Rescue
Missions. Open the window
and press the  button to
drop.
","Ga-ko
The target item in Rescue
Missions. Open the window
and press the  button to
drop.
"
0x9886,"Microfilm
The target item in Sneaking
Missions. Open the window
and press the  button to
drop.
","Microfilm
The target item in Sneaking
Missions. Open the window
and press the  button to
drop.
"
0x98e9,"Monitor
Displays video from previously
installed security cameras.
Press the  and  buttons
to switch channels.
","Monitor
Displays video from previously
installed security cameras.
Press the  and  buttons
to switch channels.
"
0x995f,,
0x9960,MAJOR TOM,MAJOR TOM
0x996a,PARA-MEDIC,PARA-MEDIC
0x9975,SAVE,SAVE
0x997a,THE BOSS,THE BOSS
0x9983,MAJOR ZERO,MAJOR ZERO
0x998e,EVA,EVA
0x9992,SIGINT,SIGINT
