0xffffffff,,
0xffffffff,,
0xffffffff,,
0xffffffff,,
0xffffffff,,
0xffffffff,,
0xffffffff,,
0xffffffff,,
0xffffffff,,
0xffffffff,,
0xffffffff,,
0xffffffff,,
0xffffffff,,
0xffffffff,,
0xffffffff,,
0xffffffff,,
0xffffffff,,
0xffffffff,,
0xffffffff,,
0xffffffff,,
0xffffffff,,
0xffffffff,,
0xffffffff,,
0xffffffff,,
0xffffffff,,
0xffffffff,,
0xffffffff,,
0xffffffff,,
0xffffffff,,
0xffffffff,,
0xffffffff,,
0xffffffff,,
0xffffffff,,
0xffffffff,,
0xffffffff,,
0xffffffff,,
0xffffffff,,
0xffffffff,,
0xffffffff,,
0xffffffff,,
0xffffffff,,
0xffffffff,,
0xffffffff,,
0xffffffff,,
0xffffffff,,
0xffffffff,,
0xffffffff,,
0xffffffff,,
0xffffffff,,
0xffffffff,,
0xffffffff,,
0xffffffff,,
0xffffffff,,
0xffffffff,,
0xffffffff,,
0xffffffff,,
0xffffffff,,
0xffffffff,,
0xffffffff,,
0xffffffff,,
0xffffffff,,
0xffffffff,,
0xffffffff,,
0xffffffff,,
0xffffffff,,
0xffffffff,,
0xffffffff,,
0xffffffff,,
0xffffffff,,
0xffffffff,,
0xffffffff,,
0xffffffff,,
0xffffffff,,
0xffffffff,,
0xffffffff,,
0xffffffff,,
0xffffffff,,
0xffffffff,,
0xffffffff,,
0xffffffff,,
0xffffffff,,
0xffffffff,,
0xffffffff,,
0xffffffff,,
0xffffffff,,
0xffffffff,,
0xffffffff,,
0xffffffff,,
0xffffffff,,
0xffffffff,,
0xffffffff,,
0xffffffff,,
0xffffffff,,
0xffffffff,,
0xffffffff,,
0xffffffff,,
0xffffffff,,
0xffffffff,,
0xffffffff,,
0xffffffff,,
0xffffffff,,
0xffffffff,,
0xffffffff,,
0xffffffff,,
0xffffffff,,
0xffffffff,,
0xffffffff,,
0xffffffff,,
0xffffffff,,
0xffffffff,,
0xffffffff,,
0xffffffff,,
0xffffffff,,
0xffffffff,,
0xffffffff,,
0xffffffff,,
0xffffffff,,
0xffffffff,,
0xffffffff,,
0xffffffff,,
0xffffffff,,
0xffffffff,,
0xffffffff,,
0xffffffff,,
0xffffffff,,
0xffffffff,,
0xffffffff,,
0xffffffff,,
0xffffffff,,
0xffffffff,,
0xffffffff,,
0xffffffff,,
0xffffffff,,
0xffffffff,,
0xffffffff,,
0xffffffff,,
0xffffffff,,
0xffffffff,,
0xffffffff,,
0xffffffff,,
0xffffffff,,
0xffffffff,,
0xffffffff,,
0xffffffff,,
0xffffffff,,
0xffffffff,,
0xffffffff,,
0xffffffff,,
0xffffffff,,
0xffffffff,,
0xffffffff,,
0xffffffff,,
0xffffffff,,
0xffffffff,,
0xffffffff,,
0xffffffff,,
0xffffffff,,
0xffffffff,,
0xffffffff,,
0xffffffff,,
0xffffffff,,
0xffffffff,,
0xffffffff,,
0xffffffff,,
0xffffffff,,
0xffffffff,,
0xffffffff,,
0xffffffff,,
0xffffffff,,
0xffffffff,,
0xffffffff,,
0xffffffff,,
0xffffffff,,
0xffffffff,,
0xffffffff,,
0xffffffff,,
0xffffffff,,
0xffffffff,,
0xffffffff,,
0xffffffff,,
0xffffffff,,
0xffffffff,,
0xffffffff,,
0xffffffff,,
0xffffffff,,
0xffffffff,,
0xffffffff,,
0xffffffff,,
0xffffffff,,
0xffffffff,,
0xffffffff,,
0xffffffff,,
0xffffffff,,
0xffffffff,,
0xffffffff,,
0xffffffff,,
0xffffffff,,
0xffffffff,,
0xffffffff,,
0xffffffff,,
0xffffffff,,
0xffffffff,,
0xffffffff,,
0xffffffff,,
0xffffffff,,
0xffffffff,,
0xffffffff,,
0xffffffff,,
0xffffffff,,
0xffffffff,,
0xffffffff,,
0xffffffff,,
0xffffffff,,
0xffffffff,,
0xffffffff,,
0xffffffff,,
0xffffffff,,
0xffffffff,,
0xffffffff,,
0xffffffff,,
0xffffffff,,
0xffffffff,,
0xffffffff,,
0xffffffff,,
0xffffffff,,
0xffffffff,,
0xffffffff,,
0xffffffff,,
0xffffffff,,
0xffffffff,,
0xffffffff,,
0xffffffff,,
0xffffffff,,
0xffffffff,,
0xffffffff,,
0xffffffff,,
0xffffffff,,
0xffffffff,,
0xffffffff,,
0xffffffff,,
0xffffffff,,
0xffffffff,,
0xffffffff,,
0xffffffff,,
0xffffffff,,
0xffffffff,,
0xffffffff,,
0xffffffff,,
0xffffffff,,
0xffffffff,,
0xffffffff,,
0xffffffff,,
0xffffffff,,
0xffffffff,,
0xffffffff,,
0xffffffff,,
0xffffffff,,
0xffffffff,,
0xffffffff,,
0xffffffff,,
0xffffffff,,
0xffffffff,,
0xffffffff,,
0xffffffff,,
0xffffffff,,
0xffffffff,,
0xffffffff,,
0xffffffff,,
0xffffffff,,
0xffffffff,,
0xffffffff,,
0xffffffff,,
0xffffffff,,
0xffffffff,,
0xffffffff,,
0xffffffff,,
0xffffffff,,
0xffffffff,,
0xffffffff,,
0xffffffff,,
0xffffffff,,
0xffffffff,,
0xffffffff,,
0xffffffff,,
0xffffffff,,
0xffffffff,,
0xffffffff,,
0xffffffff,,
0xffffffff,,
0xffffffff,,
0xffffffff,,
0xffffffff,,
0xffffffff,,
0xffffffff,,
0xffffffff,,
0xffffffff,,
0xffffffff,,
0xffffffff,,
0xffffffff,,
0xffffffff,,
0xffffffff,,
0xffffffff,,
0xffffffff,,
0xffffffff,,
0xffffffff,,
0xffffffff,,
0xffffffff,,
0xffffffff,,
0xffffffff,,
0xffffffff,,
0xffffffff,,
0xffffffff,,
0xffffffff,,
0xffffffff,,
0xffffffff,,
0xffffffff,,
0xffffffff,,
0xffffffff,,
0xffffffff,,
0xffffffff,,
0xffffffff,,
0xffffffff,,
0xffffffff,,
0xffffffff,,
0xffffffff,,
0xffffffff,,
0xffffffff,,
0xffffffff,,
0xffffffff,,
0xffffffff,,
0xffffffff,,
0xffffffff,,
0xffffffff,,
0xffffffff,,
0xffffffff,,
0xffffffff,,
0xffffffff,,
0xffffffff,,
0xffffffff,,
0xffffffff,,
0xffffffff,,
0xffffffff,,
0xffffffff,,
0xffffffff,,
0xffffffff,,
0xffffffff,,
0xffffffff,,
0xffffffff,,
0xffffffff,,
0xffffffff,,
0xffffffff,,
0xffffffff,,
0xffffffff,,
0xffffffff,,
0xffffffff,,
0xffffffff,,
0xffffffff,,
0xffffffff,,
0xffffffff,,
0xffffffff,,
0xffffffff,,
0xffffffff,,
0xffffffff,,
0xffffffff,,
0xffffffff,,
0xffffffff,,
0xffffffff,,
0xffffffff,,
0xffffffff,,
0xffffffff,,
0xffffffff,,
0xffffffff,,
0xffffffff,,
0xffffffff,,
0xffffffff,,
0xffffffff,,
0xffffffff,,
0xffffffff,,
0xffffffff,,
0xffffffff,,
0xffffffff,,
0xffffffff,,
0xffffffff,,
0xffffffff,,
0xffffffff,,
0xffffffff,,
0xffffffff,,
0xffffffff,,
0xffffffff,,
0xffffffff,,
0xffffffff,,
0xffffffff,,
0xffffffff,,
0xffffffff,,
0xffffffff,,
0xffffffff,,
0xffffffff,,
0xffffffff,,
0xffffffff,,
0xffffffff,,
0xffffffff,,
0xffffffff,,
0xffffffff,,
0xffffffff,,
0xffffffff,,
0xffffffff,,
0xffffffff,,
0xffffffff,,
0xffffffff,,
0xffffffff,,
0xffffffff,,
0xffffffff,,
0xffffffff,,
0xffffffff,,
0xffffffff,,
0xffffffff,,
0xffffffff,,
0xffffffff,,
0xffffffff,,
0xffffffff,,
0xffffffff,,
0xffffffff,,
0xffffffff,,
0xffffffff,,
0xffffffff,,
0xffffffff,,
0xffffffff,,
0xffffffff,,
0xffffffff,,
0xffffffff,,
0xffffffff,,
0xffffffff,,
0xffffffff,,
0xffffffff,,
0xffffffff,,
0xffffffff,,
0xffffffff,,
0xffffffff,,
0xffffffff,,
0xffffffff,,
0xffffffff,,
0xffffffff,,
0xffffffff,,
0xffffffff,,
0xffffffff,,
0xffffffff,,
0xffffffff,,
0xffffffff,,
0xffffffff,,
0xffffffff,,
0xffffffff,,
0xffffffff,,
0xffffffff,,
0xffffffff,,
0xffffffff,,
0xffffffff,,
0xffffffff,,
0xffffffff,,
0xffffffff,,
0xffffffff,,
0xffffffff,,
0xffffffff,,
0xffffffff,,
0xffffffff,,
0xffffffff,,
0xffffffff,,
0xffffffff,,
0xffffffff,,
0xffffffff,,
0xffffffff,,
0xffffffff,,
0xffffffff,,
0xffffffff,,
0xffffffff,,
0xffffffff,,
0xffffffff,,
0xffffffff,,
0xffffffff,,
0xffffffff,,
0xffffffff,,
0xffffffff,,
0xffffffff,,
0xffffffff,,
0xffffffff,,
0xffffffff,,
0xffffffff,,
0xffffffff,,
0xffffffff,,
0xffffffff,,
0xffffffff,,
0xffffffff,,
0xffffffff,,
0xffffffff,,
0xffffffff,,
0xffffffff,,
0xffffffff,,
0xffffffff,,
0xffffffff,,
0xffffffff,,
0xffffffff,,
0xffffffff,,
0xffffffff,,
0xffffffff,,
0xffffffff,,
0xffffffff,,
0xffffffff,,
0xffffffff,,
0xffffffff,,
0xffffffff,,
0xffffffff,,
0xffffffff,,
0xffffffff,,
0xffffffff,,
0xffffffff,,
0xffffffff,,
0xffffffff,,
0xffffffff,,
0xffffffff,,
0xffffffff,,
0xffffffff,,
0xffffffff,,
0xffffffff,,
0xffffffff,,
0xffffffff,,
0xffffffff,,
0xffffffff,,
0xffffffff,,
0xffffffff,,
0xffffffff,,
0xffffffff,,
0xffffffff,,
0xffffffff,,
0xffffffff,,
0xffffffff,,
0xffffffff,,
0xffffffff,,
0xffffffff,,
0xffffffff,,
0xffffffff,,
0xffffffff,,
0xffffffff,,
0xffffffff,,
0xffffffff,,
0xffffffff,,
0xffffffff,,
0xffffffff,,
0xffffffff,,
0xffffffff,,
0xffffffff,,
0xffffffff,,
0xffffffff,,
0xffffffff,,
0xffffffff,,
0xffffffff,,
0xffffffff,,
0xffffffff,,
0xffffffff,,
0xffffffff,,
0xffffffff,,
0xffffffff,,
0xffffffff,,
0xffffffff,,
0xffffffff,,
0xffffffff,,
0xffffffff,,
0xffffffff,,
0xffffffff,,
0xffffffff,,
0xffffffff,,
0xffffffff,,
0xffffffff,,
0xffffffff,,
0xffffffff,,
0xffffffff,,
0xffffffff,,
0xffffffff,,
0xffffffff,,
0xffffffff,,
0xffffffff,,
0xffffffff,,
0xffffffff,,
0xffffffff,,
0xffffffff,,
0xffffffff,,
0xffffffff,,
0xffffffff,,
0xffffffff,,
0xffffffff,,
0xffffffff,,
0xffffffff,,
0xffffffff,,
0xffffffff,,
0xffffffff,,
0xffffffff,,
0xffffffff,,
0xffffffff,,
0xffffffff,,
0xffffffff,,
0xffffffff,,
0xffffffff,,
0xffffffff,,
0xffffffff,,
0xffffffff,,
0xffffffff,,
0xffffffff,,
0xffffffff,,
0xffffffff,,
0xffffffff,,
0xffffffff,,
0xffffffff,,
0xffffffff,,
0xffffffff,,
0xffffffff,,
0xffffffff,,
0xffffffff,,
0xffffffff,,
0xffffffff,,
0xffffffff,,
0xffffffff,,
0xffffffff,,
0xffffffff,,
0xffffffff,,
0xffffffff,,
0xffffffff,,
0xffffffff,,
0xffffffff,,
0xffffffff,,
0xffffffff,,
0xffffffff,,
0xffffffff,,
0xffffffff,,
0xffffffff,,
0xffffffff,,
0xffffffff,,
0xffffffff,,
0xffffffff,,
0xffffffff,,
0xffffffff,,
0xffffffff,,
0xffffffff,,
0xffffffff,,
0xffffffff,,
0xffffffff,,
0xffffffff,,
0xffffffff,,
0xffffffff,,
0xffffffff,,
0xffffffff,,
0xffffffff,,
0xffffffff,,
0xffffffff,,
0xffffffff,,
0xffffffff,,
0xffffffff,,
0xffffffff,,
0xffffffff,,
0xffffffff,,
0xffffffff,,
0xffffffff,,
0xffffffff,,
0xffffffff,,
0xffffffff,,
0xffffffff,,
0xffffffff,,
0xffffffff,,
0xffffffff,,
0xffffffff,,
0xffffffff,,
0xffffffff,,
0xffffffff,,
0xffffffff,,
0xffffffff,,
0xffffffff,,
0xffffffff,,
0xffffffff,,
0xffffffff,,
0xffffffff,,
0xffffffff,,
0xffffffff,,
0xffffffff,,
0xffffffff,,
0xffffffff,,
0xffffffff,,
0xffffffff,,
0xffffffff,,
0xffffffff,,
0xffffffff,,
0xffffffff,,
0xffffffff,,
0xffffffff,,
0xffffffff,,
0xffffffff,,
0xffffffff,,
0xffffffff,,
0xffffffff,,
0xffffffff,,
0xffffffff,,
0xffffffff,,
0xffffffff,,
0xffffffff,,
0xffffffff,,
0xffffffff,,
0xffffffff,,
0xffffffff,,
0xffffffff,,
0xffffffff,,
0xffffffff,,
0xffffffff,,
0xffffffff,,
0xffffffff,,
0xffffffff,,
0xffffffff,,
0xffffffff,,
0xffffffff,,
0xffffffff,,
0xffffffff,,
0xffffffff,,
0xffffffff,,
0xffffffff,,
0xffffffff,,
0xffffffff,,
0xffffffff,,
0xffffffff,,
0xffffffff,,
0xffffffff,,
0xffffffff,,
0xffffffff,,
0xffffffff,,
0xffffffff,,
0xffffffff,,
0xffffffff,,
0xffffffff,,
0xffffffff,,
0xffffffff,,
0xffffffff,,
0xffffffff,,
0xffffffff,,
0xffffffff,,
0xffffffff,,
0xffffffff,,
0xffffffff,,
0xffffffff,,
0xffffffff,,
0xffffffff,,
0xffffffff,,
0xffffffff,,
0xffffffff,,
0xffffffff,,
0xffffffff,,
0xffffffff,,
0xffffffff,,
0xffffffff,,
0xffffffff,,
0xffffffff,,
0xffffffff,,
0xffffffff,,
0xffffffff,,
0xffffffff,,
0xffffffff,,
0xffffffff,,
0xffffffff,,
0xffffffff,,
0xffffffff,,
0xffffffff,,
0xffffffff,,
0xffffffff,,
0xffffffff,,
0xffffffff,,
0xffffffff,,
0xffffffff,,
0xffffffff,,
0xffffffff,,
0xffffffff,,
0xffffffff,,
0xffffffff,,
0xffffffff,,
0xffffffff,,
0xffffffff,,
0xffffffff,,
0xffffffff,,
0xffffffff,,
0xffffffff,,
0xffffffff,,
0xffffffff,,
0xffffffff,,
0xffffffff,,
0xffffffff,,
0xffffffff,,
0xffffffff,,
0xffffffff,,
0xffffffff,,
0xffffffff,,
0xffffffff,,
0xffffffff,,
0xffffffff,,
0xffffffff,,
0xffffffff,,
0xffffffff,,
0xffffffff,,
0xffffffff,,
0xffffffff,,
0xffffffff,,
0xffffffff,,
0xffffffff,,
0xffffffff,,
0xffffffff,,
0xffffffff,,
0xffffffff,,
0xffffffff,,
0xffffffff,,
0xffffffff,,
0xffffffff,,
0xffffffff,,
0xffffffff,,
0xffffffff,,
0xffffffff,,
0xffffffff,,
0xffffffff,,
0xffffffff,,
0xffffffff,,
0xffffffff,,
0xffffffff,,
0xffffffff,,
0xffffffff,,
0xffffffff,,
0xffffffff,,
0xffffffff,,
0xffffffff,,
0xffffffff,,
0xffffffff,,
0xffffffff,,
0xffffffff,,
0xffffffff,,
0xffffffff,,
0xffffffff,,
0xffffffff,,
0xffffffff,,
0xffffffff,,
0xffffffff,,
0xffffffff,,
0xffffffff,,
0xffffffff,,
0xffffffff,,
0xffffffff,,
0xffffffff,,
0xffffffff,,
0xffffffff,,
0xffffffff,,
0xffffffff,,
0xffffffff,,
0xffffffff,,
0xffffffff,,
0xffffffff,,
0xffffffff,,
0xffffffff,,
0xffffffff,,
0xffffffff,,
0xffffffff,,
0xffffffff,,
0xffffffff,,
0xffffffff,,
0xffffffff,,
0xffffffff,,
0xffffffff,,
0xffffffff,,
0xffffffff,,
0xffffffff,,
0xffffffff,,
0xffffffff,,
0xffffffff,,
0xffffffff,,
0xffffffff,,
0xffffffff,,
0xffffffff,,
0xffffffff,,
0xffffffff,,
0xffffffff,,
0xffffffff,,
0xffffffff,,
0xffffffff,,
0xffffffff,,
0xffffffff,,
0xffffffff,,
0xffffffff,,
0xffffffff,,
0xffffffff,,
0xffffffff,,
0xffffffff,,
0xffffffff,,
0xffffffff,,
0xffffffff,,
0xffffffff,,
0xffffffff,,
0xffffffff,,
0xffffffff,,
0xffffffff,,
0xffffffff,,
0xffffffff,,
0xffffffff,,
0xffffffff,,
0xffffffff,,
0xffffffff,,
0xffffffff,,
0xffffffff,,
0xffffffff,,
0xffffffff,,
0xffffffff,,
0xffffffff,,
0xffffffff,,
0xffffffff,,
0xffffffff,,
0xffffffff,,
0xffffffff,,
0xffffffff,,
0xffffffff,,
0xffffffff,,
0xffffffff,,
0xffffffff,,
0xffffffff,,
0xffffffff,,
0xffffffff,,
0xffffffff,,
0xffffffff,,
0xffffffff,,
0xffffffff,,
0xffffffff,,
0xffffffff,,
0xffffffff,,
0xffffffff,,
0xffffffff,,
0xffffffff,,
0xffffffff,,
0xffffffff,,
0xffffffff,,
0xffffffff,,
0xffffffff,,
0xffffffff,,
0xffffffff,,
0xffffffff,,
0xffffffff,,
0xffffffff,,
0xffffffff,,
0xffffffff,,
0xffffffff,,
0xffffffff,,
0xffffffff,,
0xffffffff,,
0xffffffff,,
0xffffffff,,
0xffffffff,,
0xffffffff,,
0xffffffff,,
0xffffffff,,
0xffffffff,,
0xffffffff,,
0xffffffff,,
0xffffffff,,
0xffffffff,,
0xffffffff,,
0xffffffff,,
0xffffffff,,
0xffffffff,,
0xffffffff,,
0xffffffff,,
0xffffffff,,
0xffffffff,,
0xffffffff,,
0xffffffff,,
0xffffffff,,
0xffffffff,,
0xffffffff,,
0xffffffff,,
0xffffffff,,
0xffffffff,,
0xffffffff,,
0xffffffff,,
0xffffffff,,
0xffffffff,,
0xffffffff,,
0xffffffff,,
0xffffffff,,
0xffffffff,,
0xffffffff,,
0xffffffff,,
0xffffffff,,
0xffffffff,,
0xffffffff,,
0xffffffff,,
0xffffffff,,
0xffffffff,,
0xffffffff,,
0xffffffff,,
0xffffffff,,
0xffffffff,,
0xffffffff,,
0xffffffff,,
0xffffffff,,
0xffffffff,,
0xffffffff,,
0xffffffff,,
0xffffffff,,
0xffffffff,,
0xffffffff,,
0xffffffff,,
0xffffffff,,
0xffffffff,,
0xffffffff,,
0xffffffff,,
0xffffffff,,
0xffffffff,,
0xffffffff,,
0xffffffff,,
0xffffffff,,
0xffffffff,,
0xffffffff,,
0xffffffff,,
0xffffffff,,
0xffffffff,,
0xffffffff,,
0xffffffff,,
0xffffffff,,
0xffffffff,,
0xffffffff,,
0xffffffff,,
0xffffffff,,
0xffffffff,,
0xffffffff,,
0xffffffff,,
0xffffffff,,
0xffffffff,,
0xffffffff,,
0xffffffff,,
0xffffffff,,
0xffffffff,,
0xffffffff,,
0xffffffff,,
0xffffffff,,
0xffffffff,,
0xffffffff,,
0xffffffff,,
0xffffffff,,
0xffffffff,,
0xffffffff,,
0xffffffff,,
0xffffffff,,
0xffffffff,,
0xffffffff,,
0xffffffff,,
0xffffffff,,
0xffffffff,,
0xffffffff,,
0xffffffff,,
0xffffffff,,
0xffffffff,,
0xffffffff,,
0xffffffff,,
0xffffffff,,
0xffffffff,,
0xffffffff,,
0xffffffff,,
0xffffffff,,
0xffffffff,,
0xffffffff,,
0xffffffff,,
0xffffffff,,
0xffffffff,,
0xffffffff,,
0xffffffff,,
0xffffffff,,
0xffffffff,,
0xffffffff,,
0xffffffff,,
0xffffffff,,
0xffffffff,,
0xffffffff,,
0xffffffff,,
0xffffffff,,
0xffffffff,,
0xffffffff,,
0xffffffff,,
0xffffffff,,
0xffffffff,,
0xffffffff,,
0xffffffff,,
0xffffffff,,
0xffffffff,,
0xffffffff,,
0xffffffff,,
0xffffffff,,
0xffffffff,,
0xffffffff,,
0xffffffff,,
0xffffffff,,
0xffffffff,,
0xffffffff,,
0xffffffff,,
0xffffffff,,
0xffffffff,,
0xffffffff,,
0xffffffff,,
0xffffffff,,
0xffffffff,,
0xffffffff,,
0xffffffff,,
0xffffffff,,
0xffffffff,,
0xffffffff,,
0xffffffff,,
0xffffffff,,
0xffffffff,,
0xffffffff,,
0xffffffff,,
0xffffffff,,
0xffffffff,,
0xffffffff,,
0xffffffff,,
0xffffffff,,
0xffffffff,,
0xffffffff,,
0xffffffff,,
0xffffffff,,
0xffffffff,,
0xffffffff,,
0xffffffff,,
0xffffffff,,
0xffffffff,,
0xffffffff,,
0xffffffff,,
0xffffffff,,
0xffffffff,,
0xffffffff,,
0xffffffff,,
0xffffffff,,
0xffffffff,,
0xffffffff,,
0xffffffff,,
0xffffffff,,
0xffffffff,,
0xffffffff,,
0xffffffff,,
0xffffffff,,
0xffffffff,,
0xffffffff,,
0xffffffff,,
0xffffffff,,
0xffffffff,,
0xffffffff,,
0xffffffff,,
0xffffffff,,
0xffffffff,,
0xffffffff,,
0xffffffff,,
0xffffffff,,
0xffffffff,,
0xffffffff,,
0xffffffff,,
0xffffffff,,
0xffffffff,,
0xffffffff,,
0xffffffff,,
0xffffffff,,
0xffffffff,,
0xffffffff,,
0xffffffff,,
0xffffffff,,
0xffffffff,,
0xffffffff,,
0xffffffff,,
0xffffffff,,
0xffffffff,,
0xffffffff,,
0xffffffff,,
0xffffffff,,
0xffffffff,,
0xffffffff,,
0xffffffff,,
0xffffffff,,
0xffffffff,,
0xffffffff,,
0xffffffff,,
0xffffffff,,
0xffffffff,,
0xffffffff,,
0xffffffff,,
0xffffffff,,
0xffffffff,,
0xffffffff,,
0xffffffff,,
0xffffffff,,
0xffffffff,,
0xffffffff,,
0xffffffff,,
0xffffffff,,
0xffffffff,,
0xffffffff,,
0xffffffff,,
0xffffffff,,
0xffffffff,,
0xffffffff,,
0xffffffff,,
0xffffffff,,
0xffffffff,,
0xffffffff,,
0xffffffff,,
0xffffffff,,
0xffffffff,,
0xffffffff,,
0xffffffff,,
0xffffffff,,
0xffffffff,,
0xffffffff,,
0xffffffff,,
0xffffffff,,
0xffffffff,,
0xffffffff,,
0xffffffff,,
0xffffffff,,
0xffffffff,,
0xffffffff,,
0xffffffff,,
0xffffffff,,
0xffffffff,,
0xffffffff,,
0xffffffff,,
0xffffffff,,
0xffffffff,,
0xffffffff,,
0xffffffff,,
0xffffffff,,
0xffffffff,,
0xffffffff,,
0xffffffff,,
0xffffffff,,
0xffffffff,,
0xffffffff,,
0xffffffff,,
0xffffffff,,
0xffffffff,,
0xffffffff,,
0xffffffff,,
0xffffffff,,
0xffffffff,,
0xffffffff,,
0xffffffff,,
0xffffffff,,
0xffffffff,,
0xffffffff,,
0xffffffff,,
0xffffffff,,
0xffffffff,,
0xffffffff,,
0xffffffff,,
0xffffffff,,
0xffffffff,,
0xffffffff,,
0xffffffff,,
0xffffffff,,
0xffffffff,,
0xffffffff,,
0xffffffff,,
0xffffffff,,
0xffffffff,,
0xffffffff,,
0xffffffff,,
0xffffffff,,
0xffffffff,,
0xffffffff,,
0xffffffff,,
0xffffffff,,
0xffffffff,,
0xffffffff,,
0xffffffff,,
0xffffffff,,
0xffffffff,,
0xffffffff,,
0xffffffff,,
0xffffffff,,
0xffffffff,,
0xffffffff,,
0xffffffff,,
0xffffffff,,
0xffffffff,,
0xffffffff,,
0xffffffff,,
0xffffffff,,
0xffffffff,,
0xffffffff,,
0xffffffff,,
0xffffffff,,
0xffffffff,,
0xffffffff,,
0xffffffff,,
0xffffffff,,
0xffffffff,,
0xffffffff,,
0xffffffff,,
0xffffffff,,
0xffffffff,,
0xffffffff,,
0xffffffff,,
0xffffffff,,
0xffffffff,,
0xffffffff,,
0xffffffff,,
0xffffffff,,
0xffffffff,,
0xffffffff,,
0xffffffff,,
0xffffffff,,
0xffffffff,,
0xffffffff,,
0xffffffff,,
0xffffffff,,
0xffffffff,,
0xffffffff,,
0xffffffff,,
0xffffffff,,
0xffffffff,,
0xffffffff,,
0xffffffff,,
0xffffffff,,
0xffffffff,,
0xffffffff,,
0xffffffff,,
0xffffffff,,
0xffffffff,,
0xffffffff,,
0xffffffff,,
0xffffffff,,
0xffffffff,,
0xffffffff,,
0xffffffff,,
0xffffffff,,
0xffffffff,,
0xffffffff,,
0xffffffff,,
0xffffffff,,
0xffffffff,,
0xffffffff,,
0xffffffff,,
0xffffffff,,
0xffffffff,,
0xffffffff,,
0xffffffff,,
0xffffffff,,
0xffffffff,,
0xffffffff,,
0xffffffff,,
0xffffffff,,
0xffffffff,,
0xffffffff,,
0xffffffff,,
0xffffffff,,
0xffffffff,,
0xffffffff,,
0xffffffff,,
0xffffffff,,
0xffffffff,,
0xffffffff,,
0xffffffff,,
0xffffffff,,
0xffffffff,,
0xffffffff,,
0xffffffff,,
0xffffffff,,
0xffffffff,,
0xffffffff,,
0xffffffff,,
0xffffffff,,
0xffffffff,,
0xffffffff,,
0xffffffff,,
0xffffffff,,
0xffffffff,,
0xffffffff,,
0xffffffff,,
0xffffffff,,
0xffffffff,,
0xffffffff,,
0xffffffff,,
0xffffffff,,
0xffffffff,,
0xffffffff,,
0xffffffff,,
0xffffffff,,
0xffffffff,,
0xffffffff,,
0xffffffff,,
0xffffffff,,
0xffffffff,,
0xffffffff,,
0xffffffff,,
0xffffffff,,
0xffffffff,,
0xffffffff,,
0xffffffff,,
0xffffffff,,
0xffffffff,,
0xffffffff,,
0xffffffff,,
0xffffffff,,
0xffffffff,,
0xffffffff,,
0xffffffff,,
0xffffffff,,
0xffffffff,,
0xffffffff,,
0xffffffff,,
0xffffffff,,
0xffffffff,,
0xffffffff,,
0xffffffff,,
0xffffffff,,
0xffffffff,,
0xffffffff,,
0xffffffff,,
0xffffffff,,
0xffffffff,,
0xffffffff,,
0xffffffff,,
0xffffffff,,
0xffffffff,,
0xffffffff,,
0xffffffff,,
0xffffffff,,
0xffffffff,,
0xffffffff,,
0xffffffff,,
0xffffffff,,
0xffffffff,,
0xffffffff,,
0xffffffff,,
0xffffffff,,
0xffffffff,,
0xffffffff,,
0xffffffff,,
0xffffffff,,
0xffffffff,,
0xffffffff,,
0xffffffff,,
0xffffffff,,
0xffffffff,,
0xffffffff,,
0xffffffff,,
0xffffffff,,
0xffffffff,,
0xffffffff,,
0xffffffff,,
0xffffffff,,
0xffffffff,,
0xffffffff,,
0xffffffff,,
0xffffffff,,
0xffffffff,,
0xffffffff,,
0xffffffff,,
0xffffffff,,
0xffffffff,,
0xffffffff,,
0xffffffff,,
0xffffffff,,
0xffffffff,,
0xffffffff,,
0xffffffff,,
0xffffffff,,
0xffffffff,,
0xffffffff,,
0xffffffff,,
0xffffffff,,
0xffffffff,,
0xffffffff,,
0xffffffff,,
0xffffffff,,
0xffffffff,,
0xffffffff,,
0xffffffff,,
0xffffffff,,
0xffffffff,,
0xffffffff,,
0xffffffff,,
0xffffffff,,
0xffffffff,,
0xffffffff,,
0xffffffff,,
0xffffffff,,
0xffffffff,,
0xffffffff,,
0xffffffff,,
0xffffffff,,
0xffffffff,,
0xffffffff,,
0xffffffff,,
0xffffffff,,
0xffffffff,,
0xffffffff,,
0xffffffff,,
0xffffffff,,
0xffffffff,,
0xffffffff,,
0xffffffff,,
0xffffffff,,
0xffffffff,,
0xffffffff,,
0xffffffff,,
0xffffffff,,
0xffffffff,,
0xffffffff,,
0xffffffff,,
0xffffffff,,
0xffffffff,,
0xffffffff,,
0xffffffff,,
0xffffffff,,
0xffffffff,,
0xffffffff,,
0xffffffff,,
0xffffffff,,
0xffffffff,,
0xffffffff,,
0xffffffff,,
0xffffffff,,
0xffffffff,,
0xffffffff,,
0xffffffff,,
0xffffffff,,
0xffffffff,,
0xffffffff,,
0xffffffff,,
0xffffffff,,
0xffffffff,,
0xffffffff,,
0xffffffff,,
0xffffffff,,
0xffffffff,,
0xffffffff,,
0xffffffff,,
0xffffffff,,
0xffffffff,,
0xffffffff,,
0xffffffff,,
0xffffffff,,
0xffffffff,,
0xffffffff,,
0xffffffff,,
0xffffffff,,
0xffffffff,,
0xffffffff,,
0xffffffff,,
0xffffffff,,
0xffffffff,,
0xffffffff,,
0xffffffff,,
0xffffffff,,
0xffffffff,,
0xffffffff,,
0xffffffff,,
0xffffffff,,
0xffffffff,,
0xffffffff,,
0xffffffff,,
0xffffffff,,
0xffffffff,,
0xffffffff,,
0xffffffff,,
0xffffffff,,
0xffffffff,,
0xffffffff,,
0xffffffff,,
0xffffffff,,
0xffffffff,,
0xffffffff,,
0xffffffff,,
0xffffffff,,
0xffffffff,,
0xffffffff,,
0xffffffff,,
0xffffffff,,
0xffffffff,,
0xffffffff,,
0xffffffff,,
0xffffffff,,
0xffffffff,,
0xffffffff,,
0xffffffff,,
0xffffffff,,
0xffffffff,,
0xffffffff,,
0xffffffff,,
0xffffffff,,
0xffffffff,,
0xffffffff,,
0xffffffff,,
0xffffffff,,
0xffffffff,,
0xffffffff,,
0xffffffff,,
0xffffffff,,
0xffffffff,,
0xffffffff,,
0xffffffff,,
0xffffffff,,
0xffffffff,,
0xffffffff,,
0xffffffff,,
0xffffffff,,
0xffffffff,,
0xffffffff,,
0xffffffff,,
0xffffffff,,
0xffffffff,,
0xffffffff,,
0xffffffff,,
0xffffffff,,
0xffffffff,,
0xffffffff,,
0xffffffff,,
0xffffffff,,
0xffffffff,,
0xffffffff,,
0xffffffff,,
0xffffffff,,
0xffffffff,,
0xffffffff,,
0xffffffff,,
0xffffffff,,
0xffffffff,,
0xffffffff,,
0xffffffff,,
0xffffffff,,
0xffffffff,,
0xffffffff,,
0xffffffff,,
0xffffffff,,
0xffffffff,,
0xffffffff,,
0xffffffff,,
0xffffffff,,
0xffffffff,,
0xffffffff,,
0xffffffff,,
0xffffffff,,
0xffffffff,,
0xffffffff,,
0xffffffff,,
0xffffffff,,
0xffffffff,,
0xffffffff,,
0xffffffff,,
0xffffffff,,
0xffffffff,,
0xffffffff,,
0xffffffff,,
0xffffffff,,
0xffffffff,,
0xffffffff,,
0xffffffff,,
0xffffffff,,
0xffffffff,,
0xffffffff,,
0xffffffff,,
0xffffffff,,
0xffffffff,,
0xffffffff,,
0xffffffff,,
0xffffffff,,
0xffffffff,,
0xffffffff,,
0xffffffff,,
0xffffffff,,
0xffffffff,,
0xffffffff,,
0xffffffff,,
0xffffffff,,
0xffffffff,,
0xffffffff,,
0xffffffff,,
0xffffffff,,
0xffffffff,,
0xffffffff,,
0xffffffff,,
0xffffffff,,
0xffffffff,,
0xffffffff,,
0xffffffff,,
0xffffffff,,
0xffffffff,,
0xffffffff,,
0xffffffff,,
0xffffffff,,
0xffffffff,,
0xffffffff,,
0xffffffff,,
0xffffffff,,
0xffffffff,,
0xffffffff,,
0xffffffff,,
0xffffffff,,
0xffffffff,,
0xffffffff,,
0xffffffff,,
0xffffffff,,
0xffffffff,,
0xffffffff,,
0xffffffff,,
0xffffffff,,
0xffffffff,,
0xffffffff,,
0xffffffff,,
0xffffffff,,
0xffffffff,,
0xffffffff,,
0xffffffff,,
0xffffffff,,
0xffffffff,,
0xffffffff,,
0xffffffff,,
0xffffffff,,
0xffffffff,,
0xffffffff,,
0xffffffff,,
0xffffffff,,
0xffffffff,,
0xffffffff,,
0xffffffff,,
0xffffffff,,
0xffffffff,,
0xffffffff,,
0xffffffff,,
0xffffffff,,
0xffffffff,,
0xffffffff,,
0xffffffff,,
0xffffffff,,
0xffffffff,,
0xffffffff,,
0xffffffff,,
0xffffffff,,
0xffffffff,,
0xffffffff,,
0xffffffff,,
0xffffffff,,
0xffffffff,,
0xffffffff,,
0xffffffff,,
0xffffffff,,
0xffffffff,,
0xffffffff,,
0xffffffff,,
0xffffffff,,
0xffffffff,,
0xffffffff,,
0xffffffff,,
0xffffffff,,
0xffffffff,,
0xffffffff,,
0xffffffff,,
0xffffffff,,
0xffffffff,,
0xffffffff,,
0xffffffff,,
0xffffffff,,
0xffffffff,,
0xffffffff,,
0xffffffff,,
0xffffffff,,
0xffffffff,,
0xffffffff,,
0xffffffff,,
0xffffffff,,
0xffffffff,,
0xffffffff,,
0xffffffff,,
0x1d7c,"Seleccionar lugar para guardar.
","Seleccionar lugar para guardar.
"
0x1d9d,"Seleccionar lugar para cargar.
","Seleccionar lugar para cargar.
"
0x1dbd,"No se ha encontrado la Memory
Card (PS2).
","No se ha encontrado la Memory
Card (PS2).
"
0x1de8,"No se ha encontrado la Memory Card
(PS2). ¿Quieres continuar jugando?
","No se ha encontrado la Memory Card
(PS2). ¿Quieres continuar jugando?
"
0x1e30,"No se ha encontrado la Memory Card
(PS2). ¿Quieres continuar sin guardar?
","No se ha encontrado la Memory Card
(PS2). ¿Quieres continuar sin guardar?
"
0x1e7c,"No hay suficiente espacio en la Memory
Card (PS2). Para guardar datos
necesitas, al menos, %dKB libres.
","No hay suficiente espacio en la Memory
Card (PS2). Para guardar datos
necesitas, al menos, %dKB libres.
"
0x1ee5,"¿Quieres crear un nuevo archivo
para guardar información en la
Memory Card (PS2)? Sí o No
","¿Quieres crear un nuevo archivo
para guardar información en la
Memory Card (PS2)? Sí o No
"
0x1f43,"¿Seguro/a que quieres sobreescribir
la información guardada?
Sí o No
","¿Seguro/a que quieres sobreescribir
la información guardada?
Sí o No
"
0x1f8c,"La Memory Card (PS2) no está
formateada. ¿Quieres formatear la
Memory Card (PS2) y guardar?
","La Memory Card (PS2) no está
formateada. ¿Quieres formatear la
Memory Card (PS2) y guardar?
"
0x1feb,"Guardando datos. No extraigas
la Memory Card (PS2), el mando
o resetees o apagues la consola.
","Guardando datos. No extraigas
la Memory Card (PS2), el mando
o resetees o apagues la consola.
"
0x204a,"Formateando la Memory Card (PS2).
No extraigas la Memory Card (PS2), el
mando o resetees o apagues la consola.
","Formateando la Memory Card (PS2).
No extraigas la Memory Card (PS2), el
mando o resetees o apagues la consola.
"
0x20ba,"Se ha guardado con éxito.
","Se ha guardado con éxito.
"
0x20d6,"¡Error al guardar! Por favor
comprueba la Memory Card (PS2)
e inténtalo de nuevo.
","¡Error al guardar! Por favor
comprueba la Memory Card (PS2)
e inténtalo de nuevo.
"
0x212b,"¡Error al formatear! Por favor
comprueba la Memory Card (PS2)
e inténtalo de nuevo.
","¡Error al formatear! Por favor
comprueba la Memory Card (PS2)
e inténtalo de nuevo.
"
0x2182,"No hay datos en la Memory Card (PS2).
","No hay datos en la Memory Card (PS2).
"
0x21a9,"No hay datos en la Memory Card (PS2).
¿Quieres continuar jugando?
","No hay datos en la Memory Card (PS2).
¿Quieres continuar jugando?
"
0x21ed,"No hay datos en la Memory Card (PS2).
¿Quieres continuar sin guardar?
","No hay datos en la Memory Card (PS2).
¿Quieres continuar sin guardar?
"
0x2235,"Sí o No.
","Sí o No.
"
0x2240,"Cargando información.
","Cargando información.
"
0x2258,"Información cargada satisfactoriamente.
","Información cargada satisfactoriamente.
"
0x2282,"¡Error al cargar! Por favor
comprueba la Memory Card (PS2)
e inténtalo de nuevo.
","¡Error al cargar! Por favor
comprueba la Memory Card (PS2)
e inténtalo de nuevo.
"
0x22d6,"¿Quieres dejar de cargar?
","¿Quieres dejar de cargar?
"
0x22f2,"¿Quieres dejar de guardar?
","¿Quieres dejar de guardar?
"
0x230f,"Espacio insuficiente en Memory Card
(PS2). Para guardar datos hacen falta,
al menos, %dKB libres. ¿Quieres jugar?
","Espacio insuficiente en Memory Card
(PS2). Para guardar datos hacen falta,
al menos, %dKB libres. ¿Quieres jugar?
"
0x2383,"No se ha encontrado una Memory Card
(PS2). Para guardar datos hacen falta,
al menos, %dKB libres. ¿Quieres jugar?
","No se ha encontrado una Memory Card
(PS2). Para guardar datos hacen falta,
al menos, %dKB libres. ¿Quieres jugar?
"
0x23f7,"¡Error al comprobar la Memory Card
(PS2)! Para guardar datos hacen falta,
al menos, %dKB libres. ¿Quieres jugar?
","¡Error al comprobar la Memory Card
(PS2)! Para guardar datos hacen falta,
al menos, %dKB libres. ¿Quieres jugar?
"
0x246b,"Por favor introduce otra Memory
Card (PS2).
","Por favor introduce otra Memory
Card (PS2).
"
0x2498,"Sí.
","Sí.
"
0x249e,"No.
","No.
"
0x24a3,"Atención.
","Atención.
"
0x24af,"¿Quieres continuar jugando?
","¿Quieres continuar jugando?
"
0x24cd,"Los datos en la Memory Card (PS2)
están dañados.
","Los datos en la Memory Card (PS2)
están dañados.
"
0x2501,"Comprobando Memory Card (PS2).
","Comprobando Memory Card (PS2).
"
0x2521,"Por favor introduce una memory
card (PS2).
","Por favor introduce una memory
card (PS2).
"
0x254d,"No se ha encontrado una Memory Card
(PS2). Introduce la Memory Card (PS2)
desde la que cargaste los datos guardados.
","No se ha encontrado una Memory Card
(PS2). Introduce la Memory Card (PS2)
desde la que cargaste los datos guardados.
"
0x25c3,"No se han encontrado datos cargados.
Introduce la Memory Card (PS2) desde
la que cargaste los datos guardados.
","No se han encontrado datos cargados.
Introduce la Memory Card (PS2) desde
la que cargaste los datos guardados.
"
0x2633,"¡Error al cargar! Introduce la Memory
Card (PS2) desde la que cargaste
los datos guardados.
","¡Error al cargar! Introduce la Memory
Card (PS2) desde la que cargaste
los datos guardados.
"
0x2691,"Los datos guardados están dañados.
Introduce la Memory Card (PS2) desde
la que cargaste los datos guardados.
","Los datos guardados están dañados.
Introduce la Memory Card (PS2) desde
la que cargaste los datos guardados.
"
0x2701,"¿Quieres volver al menú principal?
","¿Quieres volver al menú principal?
"
0x2727,"Se ha extraído la Memory Card (PS2)
durante la grabación. Introdúcela de
nuevo. ¿No quieres que se sobreescriba?
","Se ha extraído la Memory Card (PS2)
durante la grabación. Introdúcela de
nuevo. ¿No quieres que se sobreescriba?
"
0x279d,"No se encuentran los datos guardados
cargados. ¿Quieres sobreescribir la
info. actual de la Memory Card (PS2)?
","No se encuentran los datos guardados
cargados. ¿Quieres sobreescribir la
info. actual de la Memory Card (PS2)?
"
0x280e,"Transferencia con éxito.
","Transferencia con éxito.
"
0x2829,"Falló la transferencia.
","Falló la transferencia.
"
0x2843,"Comprobando la ranura para
MEMORY CARD(tarjeta de memoria) 1.
","Comprobando la ranura para
MEMORY CARD(tarjeta de memoria) 1.
"
0x2882,"Comprobando la ranura para
MEMORY CARD(tarjeta de memoria) 2.
","Comprobando la ranura para
MEMORY CARD(tarjeta de memoria) 2.
"
0x28c1,¿Guardar?,¿Guardar?
0x28cc,"¿?
","¿?
"
0x28d1,"Sur de Dremuchij
","Sur de Dremuchij
"
0x28e3,"Este de Dremuchij
","Este de Dremuchij
"
0x28f6,"Zona pantanosa de Dremuchij
","Zona pantanosa de Dremuchij
"
0x2913,"Norte de Dremuchij
","Norte de Dremuchij
"
0x2927,"Dolinovodno
","Dolinovodno
"
0x2934,"Rassvet
","Rassvet
"
0x293d,"Orillas del río Dolinovodno
","Orillas del río Dolinovodno
"
0x295b,"Chyornyj Prud
","Chyornyj Prud
"
0x296a,"Sur de Bolshaya Past
","Sur de Bolshaya Past
"
0x2980,"Base de Bolshaya Past
","Base de Bolshaya Past
"
0x2997,"Grieta de Bolshaya Past
","Grieta de Bolshaya Past
"
0x29b0,"Desviación de la cueva de
Chyornaya Peschera
","Desviación de la cueva de
Chyornaya Peschera
"
0x29df,"Cueva de Chyornaya Peschera
","Cueva de Chyornaya Peschera
"
0x29fc,"Entrada a la cueva
de Chyornaya Peschera
","Entrada a la cueva
de Chyornaya Peschera
"
0x2a26,"Sur de Ponizovje
","Sur de Ponizovje
"
0x2a38,"Oeste de Ponizovje
","Oeste de Ponizovje
"
0x2a4c,"Almacén de Ponizovje: Exterior
","Almacén de Ponizovje: Exterior
"
0x2a6d,"Almacén de Ponizovje
","Almacén de Ponizovje
"
0x2a84,"Sur de Graniny Gorki
","Sur de Graniny Gorki
"
0x2a9a,"Exterior del Laboratorio de Graniny Gorki:
Parte exterior de las paredes
","Exterior del Laboratorio de Graniny Gorki:
Parte exterior de las paredes
"
0x2ae4,"Exterior del Laboratorio de Graniny Gorki:
Parte interior de las paredes
","Exterior del Laboratorio de Graniny Gorki:
Parte interior de las paredes
"
0x2b2e,"Laboratorio P1 (P2) Graniny Gorki
","Laboratorio P1 (P2) Graniny Gorki
"
0x2b51,"Laboratorio S1 Este Graniny Gorki
","Laboratorio S1 Este Graniny Gorki
"
0x2b74,"Laboratorio S1 Oeste Graniny Gorki
","Laboratorio S1 Oeste Graniny Gorki
"
0x2b98,"Sur de Svyatogornyj
","Sur de Svyatogornyj
"
0x2bad,"Oeste de Svyatogornyj
","Oeste de Svyatogornyj
"
0x2bc4,"Este de Svyatogornyj
","Este de Svyatogornyj
"
0x2bda,"Sur de Sokrovenno
","Sur de Sokrovenno
"
0x2bed,"Oeste de Sokrovenno
","Oeste de Sokrovenno
"
0x2c02,"Norte de Sokrovenno
","Norte de Sokrovenno
"
0x2c17,"Túnel de Krasnogorje
","Túnel de Krasnogorje
"
0x2c2e,"Base de la montaña de Krasnogorje
","Base de la montaña de Krasnogorje
"
0x2c52,"Ladera de la montaña de Krasnogorje
","Ladera de la montaña de Krasnogorje
"
0x2c78,"Cima de la montaña de Krasnogorje
","Cima de la montaña de Krasnogorje
"
0x2c9c,"Ruinas de la cima de la montaña
de Krasnogorje
","Ruinas de la cima de la montaña
de Krasnogorje
"
0x2ccd,"Ruinas de la cima de la montaña
de Krasnogorje: parte trasera
","Ruinas de la cima de la montaña
de Krasnogorje: parte trasera
"
0x2d0d,"Túnel subterráneo de Groznyj Grad
","Túnel subterráneo de Groznyj Grad
"
0x2d32,"Sudoeste de Groznyj Grad
","Sudoeste de Groznyj Grad
"
0x2d4c,"Noroeste de Groznyj Grad
","Noroeste de Groznyj Grad
"
0x2d66,"Noreste de Groznyj Grad
","Noreste de Groznyj Grad
"
0x2d7f,"Sudeste de Groznyj Grad
","Sudeste de Groznyj Grad
"
0x2d98,"Laboratorio de armas de Groznyj Grad:
Ala este
","Laboratorio de armas de Groznyj Grad:
Ala este
"
0x2dc8,"Laboratorio de armas de Groznyj Grad:
Pasillo del ala oeste
","Laboratorio de armas de Groznyj Grad:
Pasillo del ala oeste
"
0x2e05,"Sala de las torturas de Groznyj Grad
","Sala de las torturas de Groznyj Grad
"
0x2e2b,"Alcantarillado de Groznyj Grad
","Alcantarillado de Groznyj Grad
"
0x2e4b,"Laboratorio de armas de Groznyj Grad:
Ala principal
","Laboratorio de armas de Groznyj Grad:
Ala principal
"
0x2e80,"Laboratorio de armas de Groznyj Grad:
Ala principal S1
","Laboratorio de armas de Groznyj Grad:
Ala principal S1
"
0x2eb8,"¿?
","¿?
"
0x2ebd,"Tikhogornyj
","Tikhogornyj
"
0x2eca,"Tikhogornyj: Detrás de la Cascada
","Tikhogornyj: Detrás de la Cascada
"
0x2eee,"Groznyj Grad
","Groznyj Grad
"
0x2efc,"Sur de la pista de aterrizaje
de Groznyj Grad
","Sur de la pista de aterrizaje
de Groznyj Grad
"
0x2f2b,"Pista de aterrizaje de Groznyj Grad
","Pista de aterrizaje de Groznyj Grad
"
0x2f50,"Puente ferroviario de Groznyj Grad
","Puente ferroviario de Groznyj Grad
"
0x2f74,"Norte del puente ferroviario
de Groznyj Grad
","Norte del puente ferroviario
de Groznyj Grad
"
0x2fa2,"Sur de Lazorevo
","Sur de Lazorevo
"
0x2fb3,"Norte de Lazorevo
","Norte de Lazorevo
"
0x2fc6,"Oeste de Zaozyorje
","Oeste de Zaozyorje
"
0x2fda,"Este de Zaozyorje
","Este de Zaozyorje
"
0x2fed,"Rokovoj Bereg
","Rokovoj Bereg
"
0x2ffc,"WIG: Interior
","WIG: Interior
"
0x300b,"Completada la Misión Virtuosa
","Completada la Misión Virtuosa
"
0x302b,"Rassvet
","Rassvet
"
0x3034,"Laboratorio de armas de Groznyj Grad:
Ala oeste
","Laboratorio de armas de Groznyj Grad:
Ala oeste
"
0x3065,"Laboratorio de armas de Groznyj Grad:
Ala principal
","Laboratorio de armas de Groznyj Grad:
Ala principal
"
0x309a,"Más allá de la frontera soviética.
","Más allá de la frontera soviética.
"
0x30c1,"Completada Operación Snake Eater
","Completada Operación Snake Eater
"
